-- --------------------------------------------------------
-- Host:                         127.0.0.1
-- Server version:               10.9.3-MariaDB - mariadb.org binary distribution
-- Server OS:                    Win64
-- HeidiSQL Version:             12.1.0.6537
-- --------------------------------------------------------

/*!40101 SET @OLD_CHARACTER_SET_CLIENT=@@CHARACTER_SET_CLIENT */;
/*!40101 SET NAMES utf8 */;
/*!50503 SET NAMES utf8mb4 */;
/*!40103 SET @OLD_TIME_ZONE=@@TIME_ZONE */;
/*!40103 SET TIME_ZONE='+00:00' */;
/*!40014 SET @OLD_FOREIGN_KEY_CHECKS=@@FOREIGN_KEY_CHECKS, FOREIGN_KEY_CHECKS=0 */;
/*!40101 SET @OLD_SQL_MODE=@@SQL_MODE, SQL_MODE='NO_AUTO_VALUE_ON_ZERO' */;
/*!40111 SET @OLD_SQL_NOTES=@@SQL_NOTES, SQL_NOTES=0 */;

-- Dumping structure for table sensetechbackend.auth_group
CREATE TABLE IF NOT EXISTS `auth_group` (
  `id` int(11) NOT NULL AUTO_INCREMENT,
  `name` varchar(150) NOT NULL,
  PRIMARY KEY (`id`),
  UNIQUE KEY `name` (`name`)
) ENGINE=InnoDB DEFAULT CHARSET=utf8mb4;

-- Dumping data for table sensetechbackend.auth_group: ~0 rows (approximately)

-- Dumping structure for table sensetechbackend.auth_group_permissions
CREATE TABLE IF NOT EXISTS `auth_group_permissions` (
  `id` bigint(20) NOT NULL AUTO_INCREMENT,
  `group_id` int(11) NOT NULL,
  `permission_id` int(11) NOT NULL,
  PRIMARY KEY (`id`),
  UNIQUE KEY `auth_group_permissions_group_id_permission_id_0cd325b0_uniq` (`group_id`,`permission_id`),
  KEY `auth_group_permissio_permission_id_84c5c92e_fk_auth_perm` (`permission_id`),
  CONSTRAINT `auth_group_permissio_permission_id_84c5c92e_fk_auth_perm` FOREIGN KEY (`permission_id`) REFERENCES `auth_permission` (`id`),
  CONSTRAINT `auth_group_permissions_group_id_b120cbf9_fk_auth_group_id` FOREIGN KEY (`group_id`) REFERENCES `auth_group` (`id`)
) ENGINE=InnoDB DEFAULT CHARSET=utf8mb4;

-- Dumping data for table sensetechbackend.auth_group_permissions: ~0 rows (approximately)

-- Dumping structure for table sensetechbackend.auth_permission
CREATE TABLE IF NOT EXISTS `auth_permission` (
  `id` int(11) NOT NULL AUTO_INCREMENT,
  `name` varchar(255) NOT NULL,
  `content_type_id` int(11) NOT NULL,
  `codename` varchar(100) NOT NULL,
  PRIMARY KEY (`id`),
  UNIQUE KEY `auth_permission_content_type_id_codename_01ab375a_uniq` (`content_type_id`,`codename`),
  CONSTRAINT `auth_permission_content_type_id_2f476e4b_fk_django_co` FOREIGN KEY (`content_type_id`) REFERENCES `django_content_type` (`id`)
) ENGINE=InnoDB AUTO_INCREMENT=33 DEFAULT CHARSET=utf8mb4;

-- Dumping data for table sensetechbackend.auth_permission: ~32 rows (approximately)
INSERT INTO `auth_permission` (`id`, `name`, `content_type_id`, `codename`) VALUES
	(1, 'Can add log entry', 1, 'add_logentry'),
	(2, 'Can change log entry', 1, 'change_logentry'),
	(3, 'Can delete log entry', 1, 'delete_logentry'),
	(4, 'Can view log entry', 1, 'view_logentry'),
	(5, 'Can add permission', 2, 'add_permission'),
	(6, 'Can change permission', 2, 'change_permission'),
	(7, 'Can delete permission', 2, 'delete_permission'),
	(8, 'Can view permission', 2, 'view_permission'),
	(9, 'Can add group', 3, 'add_group'),
	(10, 'Can change group', 3, 'change_group'),
	(11, 'Can delete group', 3, 'delete_group'),
	(12, 'Can view group', 3, 'view_group'),
	(13, 'Can add user', 4, 'add_user'),
	(14, 'Can change user', 4, 'change_user'),
	(15, 'Can delete user', 4, 'delete_user'),
	(16, 'Can view user', 4, 'view_user'),
	(17, 'Can add content type', 5, 'add_contenttype'),
	(18, 'Can change content type', 5, 'change_contenttype'),
	(19, 'Can delete content type', 5, 'delete_contenttype'),
	(20, 'Can view content type', 5, 'view_contenttype'),
	(21, 'Can add session', 6, 'add_session'),
	(22, 'Can change session', 6, 'change_session'),
	(23, 'Can delete session', 6, 'delete_session'),
	(24, 'Can view session', 6, 'view_session'),
	(25, 'Can add blacklisted token', 7, 'add_blacklistedtoken'),
	(26, 'Can change blacklisted token', 7, 'change_blacklistedtoken'),
	(27, 'Can delete blacklisted token', 7, 'delete_blacklistedtoken'),
	(28, 'Can view blacklisted token', 7, 'view_blacklistedtoken'),
	(29, 'Can add outstanding token', 8, 'add_outstandingtoken'),
	(30, 'Can change outstanding token', 8, 'change_outstandingtoken'),
	(31, 'Can delete outstanding token', 8, 'delete_outstandingtoken'),
	(32, 'Can view outstanding token', 8, 'view_outstandingtoken');

-- Dumping structure for table sensetechbackend.auth_user
CREATE TABLE IF NOT EXISTS `auth_user` (
  `id` int(11) NOT NULL AUTO_INCREMENT,
  `password` varchar(128) NOT NULL,
  `last_login` datetime(6) DEFAULT NULL,
  `is_superuser` tinyint(1) NOT NULL,
  `username` varchar(150) NOT NULL,
  `first_name` varchar(150) NOT NULL,
  `last_name` varchar(150) NOT NULL,
  `email` varchar(254) NOT NULL,
  `is_staff` tinyint(1) NOT NULL,
  `is_active` tinyint(1) NOT NULL,
  `date_joined` datetime(6) NOT NULL,
  PRIMARY KEY (`id`),
  UNIQUE KEY `username` (`username`)
) ENGINE=InnoDB AUTO_INCREMENT=5 DEFAULT CHARSET=utf8mb4;

-- Dumping data for table sensetechbackend.auth_user: ~3 rows (approximately)
INSERT INTO `auth_user` (`id`, `password`, `last_login`, `is_superuser`, `username`, `first_name`, `last_name`, `email`, `is_staff`, `is_active`, `date_joined`) VALUES
	(1, 'pbkdf2_sha256$390000$9R9rxIjYVvBNpVjBg7iOS4$fH7unH6WT6XRV5nt7/tNJ1z87lPFSbTa8+KBw0gzAD8=', '2023-01-30 10:33:34.537105', 1, 'shiva', '', '', 'shivamanhar@gmail.com', 1, 1, '2023-01-30 09:14:19.185702'),
	(2, 'pbkdf2_sha256$390000$3mkQs5cUjS8FU9uucl89U2$FzxYFtqK1wjMuLxYngjf9atgUeOdB+mcmpEbxtktTXA=', NULL, 0, 'rajatjoshi@gmail.com', 'Rajat Joshi', '', 'rajatjoshi@gmail.com', 0, 1, '2023-01-30 10:33:17.535555'),
	(3, 'pbkdf2_sha256$390000$Htw5uwjwv2BshAvnFdqJ0J$rx+J8rJdLqpg7V5AU/ypVUOsna9gvEH1YWpVBDWRe94=', NULL, 0, 'shankar@gmail.com', 'Shankar', '', 'shankar@gmail.com', 0, 1, '2023-01-30 10:34:53.994608');

-- Dumping structure for table sensetechbackend.auth_user_groups
CREATE TABLE IF NOT EXISTS `auth_user_groups` (
  `id` bigint(20) NOT NULL AUTO_INCREMENT,
  `user_id` int(11) NOT NULL,
  `group_id` int(11) NOT NULL,
  PRIMARY KEY (`id`),
  UNIQUE KEY `auth_user_groups_user_id_group_id_94350c0c_uniq` (`user_id`,`group_id`),
  KEY `auth_user_groups_group_id_97559544_fk_auth_group_id` (`group_id`),
  CONSTRAINT `auth_user_groups_group_id_97559544_fk_auth_group_id` FOREIGN KEY (`group_id`) REFERENCES `auth_group` (`id`),
  CONSTRAINT `auth_user_groups_user_id_6a12ed8b_fk_auth_user_id` FOREIGN KEY (`user_id`) REFERENCES `auth_user` (`id`)
) ENGINE=InnoDB DEFAULT CHARSET=utf8mb4;

-- Dumping data for table sensetechbackend.auth_user_groups: ~0 rows (approximately)

-- Dumping structure for table sensetechbackend.auth_user_user_permissions
CREATE TABLE IF NOT EXISTS `auth_user_user_permissions` (
  `id` bigint(20) NOT NULL AUTO_INCREMENT,
  `user_id` int(11) NOT NULL,
  `permission_id` int(11) NOT NULL,
  PRIMARY KEY (`id`),
  UNIQUE KEY `auth_user_user_permissions_user_id_permission_id_14a6b632_uniq` (`user_id`,`permission_id`),
  KEY `auth_user_user_permi_permission_id_1fbb5f2c_fk_auth_perm` (`permission_id`),
  CONSTRAINT `auth_user_user_permi_permission_id_1fbb5f2c_fk_auth_perm` FOREIGN KEY (`permission_id`) REFERENCES `auth_permission` (`id`),
  CONSTRAINT `auth_user_user_permissions_user_id_a95ead1b_fk_auth_user_id` FOREIGN KEY (`user_id`) REFERENCES `auth_user` (`id`)
) ENGINE=InnoDB DEFAULT CHARSET=utf8mb4;

-- Dumping data for table sensetechbackend.auth_user_user_permissions: ~0 rows (approximately)

-- Dumping structure for table sensetechbackend.district
CREATE TABLE IF NOT EXISTS `district` (
  `slno` varchar(255) DEFAULT NULL,
  `state_code` int(11) NOT NULL,
  `state_name` varchar(255) DEFAULT NULL,
  `district_code` int(11) NOT NULL,
  `district_name` varchar(255) DEFAULT NULL,
  `F6` varchar(255) DEFAULT NULL,
  PRIMARY KEY (`district_code`),
  KEY `FK_district_state` (`state_code`)
) ENGINE=InnoDB DEFAULT CHARSET=utf8mb4;

-- Dumping data for table sensetechbackend.district: ~764 rows (approximately)
INSERT INTO `district` (`slno`, `state_code`, `state_name`, `district_code`, `district_name`, `F6`) VALUES
	('242', 1, 'JAMMU AND KASHMIR', 1, 'ANANTNAG', NULL),
	('245', 1, 'JAMMU AND KASHMIR', 2, 'Budgam', NULL),
	('244', 1, 'JAMMU AND KASHMIR', 3, 'BARAMULLA', NULL),
	('246', 1, 'JAMMU AND KASHMIR', 4, 'DODA', NULL),
	('248', 1, 'JAMMU AND KASHMIR', 5, 'JAMMU', NULL),
	('331', 37, 'LADAKH', 6, 'KARGIL', NULL),
	('249', 1, 'JAMMU AND KASHMIR', 7, 'KATHUA', NULL),
	('252', 1, 'JAMMU AND KASHMIR', 8, 'KUPWARA', NULL),
	('332', 37, 'LADAKH', 9, 'LEH LADAKH', NULL),
	('253', 1, 'JAMMU AND KASHMIR', 10, 'POONCH', NULL),
	('254', 1, 'JAMMU AND KASHMIR', 11, 'PULWAMA', NULL),
	('255', 1, 'JAMMU AND KASHMIR', 12, 'RAJOURI', NULL),
	('260', 1, 'JAMMU AND KASHMIR', 13, 'SRINAGAR', NULL),
	('261', 1, 'JAMMU AND KASHMIR', 14, 'UDHAMPUR', NULL),
	('230', 2, 'HIMACHAL PRADESH', 15, 'BILASPUR', NULL),
	('231', 2, 'HIMACHAL PRADESH', 16, 'CHAMBA', NULL),
	('232', 2, 'HIMACHAL PRADESH', 17, 'HAMIRPUR', NULL),
	('233', 2, 'HIMACHAL PRADESH', 18, 'KANGRA', NULL),
	('234', 2, 'HIMACHAL PRADESH', 19, 'KINNAUR', NULL),
	('235', 2, 'HIMACHAL PRADESH', 20, 'KULLU', NULL),
	('236', 2, 'HIMACHAL PRADESH', 21, 'LAHUL AND SPITI', NULL),
	('237', 2, 'HIMACHAL PRADESH', 22, 'MANDI', NULL),
	('238', 2, 'HIMACHAL PRADESH', 23, 'SHIMLA', NULL),
	('239', 2, 'HIMACHAL PRADESH', 24, 'SIRMAUR', NULL),
	('240', 2, 'HIMACHAL PRADESH', 25, 'SOLAN', NULL),
	('241', 2, 'HIMACHAL PRADESH', 26, 'UNA', NULL),
	('510', 3, 'PUNJAB', 27, 'AMRITSAR', NULL),
	('512', 3, 'PUNJAB', 28, 'BATHINDA', NULL),
	('513', 3, 'PUNJAB', 29, 'FARIDKOT', NULL),
	('514', 3, 'PUNJAB', 30, 'FATEHGARH SAHIB', NULL),
	('516', 3, 'PUNJAB', 31, 'FEROZEPUR', NULL),
	('517', 3, 'PUNJAB', 32, 'GURDASPUR', NULL),
	('518', 3, 'PUNJAB', 33, 'HOSHIARPUR', NULL),
	('519', 3, 'PUNJAB', 34, 'JALANDHAR', NULL),
	('520', 3, 'PUNJAB', 35, 'KAPURTHALA', NULL),
	('521', 3, 'PUNJAB', 36, 'LUDHIANA', NULL),
	('523', 3, 'PUNJAB', 37, 'MANSA', NULL),
	('524', 3, 'PUNJAB', 38, 'MOGA', NULL),
	('531', 3, 'PUNJAB', 39, 'SRI MUKTSAR SAHIB', NULL),
	('530', 3, 'PUNJAB', 40, 'Shahid Bhagat Singh Nagar', NULL),
	('526', 3, 'PUNJAB', 41, 'PATIALA', NULL),
	('527', 3, 'PUNJAB', 42, 'RUPNAGAR', NULL),
	('528', 3, 'PUNJAB', 43, 'SANGRUR', NULL),
	('128', 4, 'CHANDIGARH', 44, 'CHANDIGARH', NULL),
	('654', 5, 'UTTARAKHAND', 45, 'ALMORA', NULL),
	('655', 5, 'UTTARAKHAND', 46, 'BAGESHWAR', NULL),
	('656', 5, 'UTTARAKHAND', 47, 'CHAMOLI', NULL),
	('657', 5, 'UTTARAKHAND', 48, 'CHAMPAWAT', NULL),
	('658', 5, 'UTTARAKHAND', 49, 'DEHRADUN', NULL),
	('659', 5, 'UTTARAKHAND', 50, 'HARIDWAR', NULL),
	('660', 5, 'UTTARAKHAND', 51, 'NAINITAL', NULL),
	('661', 5, 'UTTARAKHAND', 52, 'PAURI GARHWAL', NULL),
	('662', 5, 'UTTARAKHAND', 53, 'PITHORAGARH', NULL),
	('663', 5, 'UTTARAKHAND', 54, 'RUDRA PRAYAG', NULL),
	('664', 5, 'UTTARAKHAND', 55, 'TEHRI GARHWAL', NULL),
	('665', 5, 'UTTARAKHAND', 56, 'UDAM SINGH NAGAR', NULL),
	('666', 5, 'UTTARAKHAND', 57, 'UTTAR KASHI', NULL),
	('208', 6, 'HARYANA', 58, 'AMBALA', NULL),
	('209', 6, 'HARYANA', 59, 'BHIWANI', NULL),
	('211', 6, 'HARYANA', 60, 'FARIDABAD', NULL),
	('212', 6, 'HARYANA', 61, 'FATEHABAD', NULL),
	('213', 6, 'HARYANA', 62, 'GURUGRAM', NULL),
	('214', 6, 'HARYANA', 63, 'HISAR', NULL),
	('215', 6, 'HARYANA', 64, 'JHAJJAR', NULL),
	('216', 6, 'HARYANA', 65, 'JIND', NULL),
	('217', 6, 'HARYANA', 66, 'KAITHAL', NULL),
	('218', 6, 'HARYANA', 67, 'KARNAL', NULL),
	('219', 6, 'HARYANA', 68, 'KURUKSHETRA', NULL),
	('220', 6, 'HARYANA', 69, 'MAHENDRAGARH', NULL),
	('223', 6, 'HARYANA', 70, 'PANCHKULA', NULL),
	('224', 6, 'HARYANA', 71, 'PANIPAT', NULL),
	('225', 6, 'HARYANA', 72, 'REWARI', NULL),
	('226', 6, 'HARYANA', 73, 'ROHTAK', NULL),
	('227', 6, 'HARYANA', 74, 'SIRSA', NULL),
	('228', 6, 'HARYANA', 75, 'SONIPAT', NULL),
	('229', 6, 'HARYANA', 76, 'YAMUNANAGAR', NULL),
	('162', 7, 'DELHI', 77, 'CENTRAL', NULL),
	('163', 7, 'DELHI', 78, 'EAST', NULL),
	('164', 7, 'DELHI', 79, 'NEW DELHI', NULL),
	('165', 7, 'DELHI', 80, 'NORTH', NULL),
	('166', 7, 'DELHI', 81, 'NORTH EAST', NULL),
	('167', 7, 'DELHI', 82, 'NORTH WEST', NULL),
	('169', 7, 'DELHI', 83, 'SOUTH', NULL),
	('171', 7, 'DELHI', 84, 'SOUTH WEST', NULL),
	('172', 7, 'DELHI', 85, 'WEST', NULL),
	('533', 8, 'RAJASTHAN', 86, 'AJMER', NULL),
	('534', 8, 'RAJASTHAN', 87, 'ALWAR', NULL),
	('535', 8, 'RAJASTHAN', 88, 'BANSWARA', NULL),
	('536', 8, 'RAJASTHAN', 89, 'BARAN', NULL),
	('537', 8, 'RAJASTHAN', 90, 'BARMER', NULL),
	('538', 8, 'RAJASTHAN', 91, 'BHARATPUR', NULL),
	('539', 8, 'RAJASTHAN', 92, 'BHILWARA', NULL),
	('540', 8, 'RAJASTHAN', 93, 'BIKANER', NULL),
	('541', 8, 'RAJASTHAN', 94, 'BUNDI', NULL),
	('542', 8, 'RAJASTHAN', 95, 'CHITTORGARH', NULL),
	('543', 8, 'RAJASTHAN', 96, 'CHURU', NULL),
	('544', 8, 'RAJASTHAN', 97, 'DAUSA', NULL),
	('545', 8, 'RAJASTHAN', 98, 'DHOLPUR', NULL),
	('546', 8, 'RAJASTHAN', 99, 'DUNGARPUR', NULL),
	('547', 8, 'RAJASTHAN', 100, 'GANGANAGAR', NULL),
	('548', 8, 'RAJASTHAN', 101, 'HANUMANGARH', NULL),
	('549', 8, 'RAJASTHAN', 102, 'JAIPUR', NULL),
	('550', 8, 'RAJASTHAN', 103, 'JAISALMER', NULL),
	('551', 8, 'RAJASTHAN', 104, 'JALORE', NULL),
	('552', 8, 'RAJASTHAN', 105, 'JHALAWAR', NULL),
	('553', 8, 'RAJASTHAN', 106, 'JHUNJHUNU', NULL),
	('554', 8, 'RAJASTHAN', 107, 'JODHPUR', NULL),
	('555', 8, 'RAJASTHAN', 108, 'KARAULI', NULL),
	('556', 8, 'RAJASTHAN', 109, 'KOTA', NULL),
	('557', 8, 'RAJASTHAN', 110, 'NAGAUR', NULL),
	('558', 8, 'RAJASTHAN', 111, 'PALI', NULL),
	('560', 8, 'RAJASTHAN', 112, 'RAJSAMAND', NULL),
	('561', 8, 'RAJASTHAN', 113, 'SAWAI MADHOPUR', NULL),
	('562', 8, 'RAJASTHAN', 114, 'SIKAR', NULL),
	('563', 8, 'RAJASTHAN', 115, 'SIROHI', NULL),
	('564', 8, 'RAJASTHAN', 116, 'TONK', NULL),
	('565', 8, 'RAJASTHAN', 117, 'UDAIPUR', NULL),
	('667', 9, 'UTTAR PRADESH', 118, 'AGRA', NULL),
	('668', 9, 'UTTAR PRADESH', 119, 'ALIGARH', NULL),
	('727', 9, 'UTTAR PRADESH', 120, 'PRAYAGRAJ', NULL),
	('669', 9, 'UTTAR PRADESH', 121, 'AMBEDKAR NAGAR', NULL),
	('672', 9, 'UTTAR PRADESH', 122, 'AURAIYA', NULL),
	('674', 9, 'UTTAR PRADESH', 123, 'AZAMGARH', NULL),
	('675', 9, 'UTTAR PRADESH', 124, 'BAGHPAT', NULL),
	('676', 9, 'UTTAR PRADESH', 125, 'BAHRAICH', NULL),
	('677', 9, 'UTTAR PRADESH', 126, 'BALLIA', NULL),
	('678', 9, 'UTTAR PRADESH', 127, 'BALRAMPUR', NULL),
	('679', 9, 'UTTAR PRADESH', 128, 'BANDA', NULL),
	('680', 9, 'UTTAR PRADESH', 129, 'BARABANKI', NULL),
	('681', 9, 'UTTAR PRADESH', 130, 'BAREILLY', NULL),
	('682', 9, 'UTTAR PRADESH', 131, 'BASTI', NULL),
	('684', 9, 'UTTAR PRADESH', 132, 'BIJNOR', NULL),
	('685', 9, 'UTTAR PRADESH', 133, 'BUDAUN', NULL),
	('686', 9, 'UTTAR PRADESH', 134, 'BULANDSHAHR', NULL),
	('687', 9, 'UTTAR PRADESH', 135, 'CHANDAULI', NULL),
	('688', 9, 'UTTAR PRADESH', 136, 'CHITRAKOOT', NULL),
	('689', 9, 'UTTAR PRADESH', 137, 'DEORIA', NULL),
	('690', 9, 'UTTAR PRADESH', 138, 'ETAH', NULL),
	('691', 9, 'UTTAR PRADESH', 139, 'ETAWAH', NULL),
	('673', 9, 'UTTAR PRADESH', 140, 'AYODHYA', NULL),
	('692', 9, 'UTTAR PRADESH', 141, 'FARRUKHABAD', NULL),
	('693', 9, 'UTTAR PRADESH', 142, 'FATEHPUR', NULL),
	('694', 9, 'UTTAR PRADESH', 143, 'FIROZABAD', NULL),
	('695', 9, 'UTTAR PRADESH', 144, 'GAUTAM BUDDHA NAGAR', NULL),
	('696', 9, 'UTTAR PRADESH', 145, 'GHAZIABAD', NULL),
	('697', 9, 'UTTAR PRADESH', 146, 'GHAZIPUR', NULL),
	('698', 9, 'UTTAR PRADESH', 147, 'GONDA', NULL),
	('699', 9, 'UTTAR PRADESH', 148, 'GORAKHPUR', NULL),
	('700', 9, 'UTTAR PRADESH', 149, 'HAMIRPUR', NULL),
	('702', 9, 'UTTAR PRADESH', 150, 'HARDOI', NULL),
	('704', 9, 'UTTAR PRADESH', 151, 'JALAUN', NULL),
	('705', 9, 'UTTAR PRADESH', 152, 'JAUNPUR', NULL),
	('706', 9, 'UTTAR PRADESH', 153, 'JHANSI', NULL),
	('671', 9, 'UTTAR PRADESH', 154, 'AMROHA', NULL),
	('707', 9, 'UTTAR PRADESH', 155, 'KANNAUJ', NULL),
	('708', 9, 'UTTAR PRADESH', 156, 'KANPUR DEHAT', NULL),
	('709', 9, 'UTTAR PRADESH', 157, 'KANPUR NAGAR', NULL),
	('711', 9, 'UTTAR PRADESH', 158, 'KAUSHAMBI', NULL),
	('712', 9, 'UTTAR PRADESH', 159, 'KHERI', NULL),
	('713', 9, 'UTTAR PRADESH', 160, 'KUSHI NAGAR', NULL),
	('714', 9, 'UTTAR PRADESH', 161, 'LALITPUR', NULL),
	('715', 9, 'UTTAR PRADESH', 162, 'LUCKNOW', NULL),
	('703', 9, 'UTTAR PRADESH', 163, 'HATHRAS', NULL),
	('716', 9, 'UTTAR PRADESH', 164, 'MAHARAJGANJ', NULL),
	('717', 9, 'UTTAR PRADESH', 165, 'MAHOBA', NULL),
	('718', 9, 'UTTAR PRADESH', 166, 'MAINPURI', NULL),
	('719', 9, 'UTTAR PRADESH', 167, 'MATHURA', NULL),
	('720', 9, 'UTTAR PRADESH', 168, 'MAU', NULL),
	('721', 9, 'UTTAR PRADESH', 169, 'MEERUT', NULL),
	('722', 9, 'UTTAR PRADESH', 170, 'MIRZAPUR', NULL),
	('723', 9, 'UTTAR PRADESH', 171, 'MORADABAD', NULL),
	('724', 9, 'UTTAR PRADESH', 172, 'MUZAFFARNAGAR', NULL),
	('725', 9, 'UTTAR PRADESH', 173, 'PILIBHIT', NULL),
	('726', 9, 'UTTAR PRADESH', 174, 'PRATAPGARH', NULL),
	('728', 9, 'UTTAR PRADESH', 175, 'RAE BARELI', NULL),
	('729', 9, 'UTTAR PRADESH', 176, 'RAMPUR', NULL),
	('730', 9, 'UTTAR PRADESH', 177, 'SAHARANPUR', NULL),
	('732', 9, 'UTTAR PRADESH', 178, 'SANT KABEER NAGAR', NULL),
	('683', 9, 'UTTAR PRADESH', 179, 'BHADOHI', NULL),
	('733', 9, 'UTTAR PRADESH', 180, 'SHAHJAHANPUR', NULL),
	('735', 9, 'UTTAR PRADESH', 181, 'SHRAVASTI', NULL),
	('736', 9, 'UTTAR PRADESH', 182, 'SIDDHARTH NAGAR', NULL),
	('737', 9, 'UTTAR PRADESH', 183, 'SITAPUR', NULL),
	('738', 9, 'UTTAR PRADESH', 184, 'SONBHADRA', NULL),
	('739', 9, 'UTTAR PRADESH', 185, 'SULTANPUR', NULL),
	('740', 9, 'UTTAR PRADESH', 186, 'UNNAO', NULL),
	('741', 9, 'UTTAR PRADESH', 187, 'VARANASI', NULL),
	('90', 10, 'BIHAR', 188, 'ARARIA', NULL),
	('92', 10, 'BIHAR', 189, 'AURANGABAD', NULL),
	('93', 10, 'BIHAR', 190, 'BANKA', NULL),
	('94', 10, 'BIHAR', 191, 'BEGUSARAI', NULL),
	('95', 10, 'BIHAR', 192, 'BHAGALPUR', NULL),
	('96', 10, 'BIHAR', 193, 'BHOJPUR', NULL),
	('97', 10, 'BIHAR', 194, 'BUXAR', NULL),
	('98', 10, 'BIHAR', 195, 'DARBHANGA', NULL),
	('99', 10, 'BIHAR', 196, 'GAYA', NULL),
	('100', 10, 'BIHAR', 197, 'GOPALGANJ', NULL),
	('101', 10, 'BIHAR', 198, 'JAMUI', NULL),
	('102', 10, 'BIHAR', 199, 'JEHANABAD', NULL),
	('103', 10, 'BIHAR', 200, 'KAIMUR (BHABUA)', NULL),
	('104', 10, 'BIHAR', 201, 'KATIHAR', NULL),
	('105', 10, 'BIHAR', 202, 'KHAGARIA', NULL),
	('106', 10, 'BIHAR', 203, 'KISHANGANJ', NULL),
	('107', 10, 'BIHAR', 204, 'LAKHISARAI', NULL),
	('108', 10, 'BIHAR', 205, 'MADHEPURA', NULL),
	('109', 10, 'BIHAR', 206, 'MADHUBANI', NULL),
	('110', 10, 'BIHAR', 207, 'MUNGER', NULL),
	('111', 10, 'BIHAR', 208, 'MUZAFFARPUR', NULL),
	('112', 10, 'BIHAR', 209, 'NALANDA', NULL),
	('113', 10, 'BIHAR', 210, 'NAWADA', NULL),
	('114', 10, 'BIHAR', 211, 'PASHCHIM CHAMPARAN', NULL),
	('115', 10, 'BIHAR', 212, 'PATNA', NULL),
	('116', 10, 'BIHAR', 213, 'PURBI CHAMPARAN', NULL),
	('117', 10, 'BIHAR', 214, 'PURNIA', NULL),
	('118', 10, 'BIHAR', 215, 'ROHTAS', NULL),
	('119', 10, 'BIHAR', 216, 'SAHARSA', NULL),
	('120', 10, 'BIHAR', 217, 'SAMASTIPUR', NULL),
	('121', 10, 'BIHAR', 218, 'SARAN', NULL),
	('122', 10, 'BIHAR', 219, 'SHEIKHPURA', NULL),
	('123', 10, 'BIHAR', 220, 'SHEOHAR', NULL),
	('124', 10, 'BIHAR', 221, 'SITAMARHI', NULL),
	('125', 10, 'BIHAR', 222, 'SIWAN', NULL),
	('126', 10, 'BIHAR', 223, 'SUPAUL', NULL),
	('127', 10, 'BIHAR', 224, 'VAISHALI', NULL),
	('566', 11, 'SIKKIM', 225, 'Gangtok', NULL),
	('568', 11, 'SIKKIM', 226, 'Mangan', NULL),
	('569', 11, 'SIKKIM', 227, 'Namchi', NULL),
	('567', 11, 'SIKKIM', 228, 'Gyalshing', NULL),
	('31', 12, 'ARUNACHAL PRADESH', 229, 'CHANGLANG', NULL),
	('32', 12, 'ARUNACHAL PRADESH', 230, 'DIBANG VALLEY', NULL),
	('33', 12, 'ARUNACHAL PRADESH', 231, 'EAST KAMENG', NULL),
	('34', 12, 'ARUNACHAL PRADESH', 232, 'EAST SIANG', NULL),
	('37', 12, 'ARUNACHAL PRADESH', 233, 'KURUNG KUMEY', NULL),
	('39', 12, 'ARUNACHAL PRADESH', 234, 'LOHIT', NULL),
	('41', 12, 'ARUNACHAL PRADESH', 235, 'LOWER DIBANG VALLEY', NULL),
	('43', 12, 'ARUNACHAL PRADESH', 236, 'LOWER SUBANSIRI', NULL),
	('46', 12, 'ARUNACHAL PRADESH', 237, 'PAPUM PARE', NULL),
	('49', 12, 'ARUNACHAL PRADESH', 238, 'TAWANG', NULL),
	('50', 12, 'ARUNACHAL PRADESH', 239, 'TIRAP', NULL),
	('51', 12, 'ARUNACHAL PRADESH', 240, 'UPPER SIANG', NULL),
	('52', 12, 'ARUNACHAL PRADESH', 241, 'UPPER SUBANSIRI', NULL),
	('53', 12, 'ARUNACHAL PRADESH', 242, 'WEST KAMENG', NULL),
	('54', 12, 'ARUNACHAL PRADESH', 243, 'WEST SIANG', NULL),
	('462', 13, 'NAGALAND', 244, 'DIMAPUR', NULL),
	('464', 13, 'NAGALAND', 245, 'KOHIMA', NULL),
	('466', 13, 'NAGALAND', 246, 'MOKOKCHUNG', NULL),
	('467', 13, 'NAGALAND', 247, 'MON', NULL),
	('471', 13, 'NAGALAND', 248, 'PHEK', NULL),
	('473', 13, 'NAGALAND', 249, 'TUENSANG', NULL),
	('474', 13, 'NAGALAND', 250, 'WOKHA', NULL),
	('475', 13, 'NAGALAND', 251, 'ZUNHEBOTO', NULL),
	('422', 14, 'MANIPUR', 252, 'BISHNUPUR', NULL),
	('423', 14, 'MANIPUR', 253, 'CHANDEL', NULL),
	('424', 14, 'MANIPUR', 254, 'CHURACHANDPUR', NULL),
	('425', 14, 'MANIPUR', 255, 'IMPHAL EAST', NULL),
	('426', 14, 'MANIPUR', 256, 'IMPHAL WEST', NULL),
	('433', 14, 'MANIPUR', 257, 'SENAPATI', NULL),
	('434', 14, 'MANIPUR', 258, 'TAMENGLONG', NULL),
	('436', 14, 'MANIPUR', 259, 'THOUBAL', NULL),
	('437', 14, 'MANIPUR', 260, 'UKHRUL', NULL),
	('450', 15, 'MIZORAM', 261, 'AIZAWL', NULL),
	('451', 15, 'MIZORAM', 262, 'CHAMPHAI', NULL),
	('454', 15, 'MIZORAM', 263, 'KOLASIB', NULL),
	('455', 15, 'MIZORAM', 264, 'LAWNGTLAI', NULL),
	('456', 15, 'MIZORAM', 265, 'LUNGLEI', NULL),
	('457', 15, 'MIZORAM', 266, 'MAMIT', NULL),
	('458', 15, 'MIZORAM', 267, 'SAIHA', NULL),
	('460', 15, 'MIZORAM', 268, 'SERCHHIP', NULL),
	('646', 16, 'TRIPURA', 269, 'Dhalai', NULL),
	('649', 16, 'TRIPURA', 270, 'North Tripura', NULL),
	('651', 16, 'TRIPURA', 271, 'South Tripura', NULL),
	('653', 16, 'TRIPURA', 272, 'West Tripura', NULL),
	('439', 17, 'MEGHALAYA', 273, 'EAST GARO HILLS', NULL),
	('441', 17, 'MEGHALAYA', 274, 'EAST KHASI HILLS', NULL),
	('448', 17, 'MEGHALAYA', 275, 'WEST JAINTIA HILLS', NULL),
	('443', 17, 'MEGHALAYA', 276, 'RI BHOI', NULL),
	('444', 17, 'MEGHALAYA', 277, 'SOUTH GARO HILLS', NULL),
	('447', 17, 'MEGHALAYA', 278, 'WEST GARO HILLS', NULL),
	('449', 17, 'MEGHALAYA', 279, 'WEST KHASI HILLS', NULL),
	('57', 18, 'ASSAM', 280, 'BARPETA', NULL),
	('59', 18, 'ASSAM', 281, 'BONGAIGAON', NULL),
	('60', 18, 'ASSAM', 282, 'CACHAR', NULL),
	('63', 18, 'ASSAM', 283, 'DARRANG', NULL),
	('64', 18, 'ASSAM', 284, 'DHEMAJI', NULL),
	('65', 18, 'ASSAM', 285, 'DHUBRI', NULL),
	('66', 18, 'ASSAM', 286, 'DIBRUGARH', NULL),
	('68', 18, 'ASSAM', 287, 'GOALPARA', NULL),
	('69', 18, 'ASSAM', 288, 'GOLAGHAT', NULL),
	('70', 18, 'ASSAM', 289, 'HAILAKANDI', NULL),
	('72', 18, 'ASSAM', 290, 'JORHAT', NULL),
	('73', 18, 'ASSAM', 291, 'KAMRUP', NULL),
	('75', 18, 'ASSAM', 292, 'KARBI ANGLONG', NULL),
	('76', 18, 'ASSAM', 293, 'KARIMGANJ', NULL),
	('77', 18, 'ASSAM', 294, 'KOKRAJHAR', NULL),
	('78', 18, 'ASSAM', 295, 'LAKHIMPUR', NULL),
	('80', 18, 'ASSAM', 296, 'MARIGAON', NULL),
	('81', 18, 'ASSAM', 297, 'NAGAON', NULL),
	('82', 18, 'ASSAM', 298, 'NALBARI', NULL),
	('67', 18, 'ASSAM', 299, 'DIMA HASAO', NULL),
	('83', 18, 'ASSAM', 300, 'SIVASAGAR', NULL),
	('84', 18, 'ASSAM', 301, 'SONITPUR', NULL),
	('87', 18, 'ASSAM', 302, 'TINSUKIA', NULL),
	('742', 19, 'WEST BENGAL', 303, '24 PARAGANAS NORTH', NULL),
	('743', 19, 'WEST BENGAL', 304, '24 PARAGANAS SOUTH', NULL),
	('745', 19, 'WEST BENGAL', 305, 'BANKURA', NULL),
	('763', 19, 'WEST BENGAL', 306, 'PURBA BARDHAMAN', NULL),
	('746', 19, 'WEST BENGAL', 307, 'BIRBHUM', NULL),
	('747', 19, 'WEST BENGAL', 308, 'COOCHBEHAR', NULL),
	('748', 19, 'WEST BENGAL', 309, 'DARJEELING', NULL),
	('749', 19, 'WEST BENGAL', 310, 'DINAJPUR DAKSHIN', NULL),
	('750', 19, 'WEST BENGAL', 311, 'DINAJPUR UTTAR', NULL),
	('751', 19, 'WEST BENGAL', 312, 'HOOGHLY', NULL),
	('752', 19, 'WEST BENGAL', 313, 'HOWRAH', NULL),
	('753', 19, 'WEST BENGAL', 314, 'JALPAIGURI', NULL),
	('756', 19, 'WEST BENGAL', 315, 'KOLKATA', NULL),
	('757', 19, 'WEST BENGAL', 316, 'MALDAH', NULL),
	('758', 19, 'WEST BENGAL', 317, 'MEDINIPUR EAST', NULL),
	('759', 19, 'WEST BENGAL', 318, 'MEDINIPUR WEST', NULL),
	('760', 19, 'WEST BENGAL', 319, 'MURSHIDABAD', NULL),
	('761', 19, 'WEST BENGAL', 320, 'NADIA', NULL),
	('764', 19, 'WEST BENGAL', 321, 'PURULIA', NULL),
	('262', 20, 'JHARKHAND', 322, 'BOKARO', NULL),
	('263', 20, 'JHARKHAND', 323, 'CHATRA', NULL),
	('264', 20, 'JHARKHAND', 324, 'DEOGHAR', NULL),
	('265', 20, 'JHARKHAND', 325, 'DHANBAD', NULL),
	('266', 20, 'JHARKHAND', 326, 'DUMKA', NULL),
	('267', 20, 'JHARKHAND', 327, 'EAST SINGHBUM', NULL),
	('268', 20, 'JHARKHAND', 328, 'GARHWA', NULL),
	('269', 20, 'JHARKHAND', 329, 'GIRIDIH', NULL),
	('270', 20, 'JHARKHAND', 330, 'GODDA', NULL),
	('271', 20, 'JHARKHAND', 331, 'GUMLA', NULL),
	('272', 20, 'JHARKHAND', 332, 'HAZARIBAGH', NULL),
	('273', 20, 'JHARKHAND', 333, 'JAMTARA', NULL),
	('275', 20, 'JHARKHAND', 334, 'KODERMA', NULL),
	('276', 20, 'JHARKHAND', 335, 'LATEHAR', NULL),
	('277', 20, 'JHARKHAND', 336, 'LOHARDAGA', NULL),
	('278', 20, 'JHARKHAND', 337, 'PAKUR', NULL),
	('279', 20, 'JHARKHAND', 338, 'PALAMU', NULL),
	('281', 20, 'JHARKHAND', 339, 'RANCHI', NULL),
	('282', 20, 'JHARKHAND', 340, 'SAHEBGANJ', NULL),
	('283', 20, 'JHARKHAND', 341, 'SARAIKELA KHARSAWAN', NULL),
	('284', 20, 'JHARKHAND', 342, 'SIMDEGA', NULL),
	('285', 20, 'JHARKHAND', 343, 'WEST SINGHBHUM', NULL),
	('476', 21, 'ODISHA', 344, 'ANUGUL', NULL),
	('477', 21, 'ODISHA', 345, 'BALANGIR', NULL),
	('478', 21, 'ODISHA', 346, 'BALESHWAR', NULL),
	('479', 21, 'ODISHA', 347, 'BARGARH', NULL),
	('480', 21, 'ODISHA', 348, 'BHADRAK', NULL),
	('481', 21, 'ODISHA', 349, 'BOUDH', NULL),
	('482', 21, 'ODISHA', 350, 'CUTTACK', NULL),
	('483', 21, 'ODISHA', 351, 'DEOGARH', NULL),
	('484', 21, 'ODISHA', 352, 'DHENKANAL', NULL),
	('485', 21, 'ODISHA', 353, 'GAJAPATI', NULL),
	('486', 21, 'ODISHA', 354, 'GANJAM', NULL),
	('487', 21, 'ODISHA', 355, 'JAGATSINGHAPUR', NULL),
	('488', 21, 'ODISHA', 356, 'JAJAPUR', NULL),
	('489', 21, 'ODISHA', 357, 'JHARSUGUDA', NULL),
	('490', 21, 'ODISHA', 358, 'KALAHANDI', NULL),
	('491', 21, 'ODISHA', 359, 'KANDHAMAL', NULL),
	('492', 21, 'ODISHA', 360, 'KENDRAPARA', NULL),
	('493', 21, 'ODISHA', 361, 'KENDUJHAR', NULL),
	('494', 21, 'ODISHA', 362, 'KHORDHA', NULL),
	('495', 21, 'ODISHA', 363, 'KORAPUT', NULL),
	('496', 21, 'ODISHA', 364, 'MALKANGIRI', NULL),
	('497', 21, 'ODISHA', 365, 'MAYURBHANJ', NULL),
	('498', 21, 'ODISHA', 366, 'NABARANGPUR', NULL),
	('499', 21, 'ODISHA', 367, 'NAYAGARH', NULL),
	('500', 21, 'ODISHA', 368, 'NUAPADA', NULL),
	('501', 21, 'ODISHA', 369, 'PURI', NULL),
	('502', 21, 'ODISHA', 370, 'RAYAGADA', NULL),
	('503', 21, 'ODISHA', 371, 'SAMBALPUR', NULL),
	('504', 21, 'ODISHA', 372, 'SONEPUR', NULL),
	('505', 21, 'ODISHA', 373, 'SUNDARGARH', NULL),
	('132', 22, 'CHHATTISGARH', 374, 'BASTAR', NULL),
	('135', 22, 'CHHATTISGARH', 375, 'BILASPUR', NULL),
	('136', 22, 'CHHATTISGARH', 376, 'DANTEWADA', NULL),
	('137', 22, 'CHHATTISGARH', 377, 'DHAMTARI', NULL),
	('138', 22, 'CHHATTISGARH', 378, 'DURG', NULL),
	('141', 22, 'CHHATTISGARH', 379, 'JANJGIR-CHAMPA', NULL),
	('142', 22, 'CHHATTISGARH', 380, 'JASHPUR', NULL),
	('144', 22, 'CHHATTISGARH', 381, 'KANKER', NULL),
	('143', 22, 'CHHATTISGARH', 382, 'KABIRDHAM', NULL),
	('147', 22, 'CHHATTISGARH', 383, 'KORBA', NULL),
	('148', 22, 'CHHATTISGARH', 384, 'KOREA', NULL),
	('149', 22, 'CHHATTISGARH', 385, 'MAHASAMUND', NULL),
	('154', 22, 'CHHATTISGARH', 386, 'RAIGARH', NULL),
	('155', 22, 'CHHATTISGARH', 387, 'RAIPUR', NULL),
	('156', 22, 'CHHATTISGARH', 388, 'RAJNANDGAON', NULL),
	('161', 22, 'CHHATTISGARH', 389, 'SURGUJA', NULL),
	('336', 23, 'MADHYA PRADESH', 390, 'ANUPPUR', NULL),
	('337', 23, 'MADHYA PRADESH', 391, 'ASHOKNAGAR', NULL),
	('338', 23, 'MADHYA PRADESH', 392, 'BALAGHAT', NULL),
	('339', 23, 'MADHYA PRADESH', 393, 'BARWANI', NULL),
	('340', 23, 'MADHYA PRADESH', 394, 'BETUL', NULL),
	('341', 23, 'MADHYA PRADESH', 395, 'BHIND', NULL),
	('342', 23, 'MADHYA PRADESH', 396, 'BHOPAL', NULL),
	('343', 23, 'MADHYA PRADESH', 397, 'BURHANPUR', NULL),
	('344', 23, 'MADHYA PRADESH', 398, 'CHHATARPUR', NULL),
	('345', 23, 'MADHYA PRADESH', 399, 'CHHINDWARA', NULL),
	('346', 23, 'MADHYA PRADESH', 400, 'DAMOH', NULL),
	('347', 23, 'MADHYA PRADESH', 401, 'DATIA', NULL),
	('348', 23, 'MADHYA PRADESH', 402, 'DEWAS', NULL),
	('349', 23, 'MADHYA PRADESH', 403, 'DHAR', NULL),
	('350', 23, 'MADHYA PRADESH', 404, 'DINDORI', NULL),
	('351', 23, 'MADHYA PRADESH', 405, 'EAST NIMAR', NULL),
	('352', 23, 'MADHYA PRADESH', 406, 'GUNA', NULL),
	('353', 23, 'MADHYA PRADESH', 407, 'GWALIOR', NULL),
	('354', 23, 'MADHYA PRADESH', 408, 'HARDA', NULL),
	('363', 23, 'MADHYA PRADESH', 409, 'NARMADAPURAM', NULL),
	('355', 23, 'MADHYA PRADESH', 410, 'INDORE', NULL),
	('356', 23, 'MADHYA PRADESH', 411, 'JABALPUR', NULL),
	('357', 23, 'MADHYA PRADESH', 412, 'JHABUA', NULL),
	('358', 23, 'MADHYA PRADESH', 413, 'KATNI', NULL),
	('359', 23, 'MADHYA PRADESH', 414, 'KHARGONE', NULL),
	('360', 23, 'MADHYA PRADESH', 415, 'MANDLA', NULL),
	('361', 23, 'MADHYA PRADESH', 416, 'MANDSAUR', NULL),
	('362', 23, 'MADHYA PRADESH', 417, 'MORENA', NULL),
	('364', 23, 'MADHYA PRADESH', 418, 'NARSINGHPUR', NULL),
	('365', 23, 'MADHYA PRADESH', 419, 'NEEMUCH', NULL),
	('367', 23, 'MADHYA PRADESH', 420, 'PANNA', NULL),
	('368', 23, 'MADHYA PRADESH', 421, 'RAISEN', NULL),
	('369', 23, 'MADHYA PRADESH', 422, 'RAJGARH', NULL),
	('370', 23, 'MADHYA PRADESH', 423, 'RATLAM', NULL),
	('371', 23, 'MADHYA PRADESH', 424, 'REWA', NULL),
	('372', 23, 'MADHYA PRADESH', 425, 'SAGAR', NULL),
	('373', 23, 'MADHYA PRADESH', 426, 'SATNA', NULL),
	('374', 23, 'MADHYA PRADESH', 427, 'SEHORE', NULL),
	('375', 23, 'MADHYA PRADESH', 428, 'SEONI', NULL),
	('376', 23, 'MADHYA PRADESH', 429, 'SHAHDOL', NULL),
	('377', 23, 'MADHYA PRADESH', 430, 'SHAJAPUR', NULL),
	('378', 23, 'MADHYA PRADESH', 431, 'SHEOPUR', NULL),
	('379', 23, 'MADHYA PRADESH', 432, 'SHIVPURI', NULL),
	('380', 23, 'MADHYA PRADESH', 433, 'SIDHI', NULL),
	('382', 23, 'MADHYA PRADESH', 434, 'TIKAMGARH', NULL),
	('383', 23, 'MADHYA PRADESH', 435, 'UJJAIN', NULL),
	('384', 23, 'MADHYA PRADESH', 436, 'UMARIA', NULL),
	('385', 23, 'MADHYA PRADESH', 437, 'VIDISHA', NULL),
	('175', 24, 'GUJARAT', 438, 'AHMADABAD', NULL),
	('176', 24, 'GUJARAT', 439, 'AMRELI', NULL),
	('177', 24, 'GUJARAT', 440, 'ANAND', NULL),
	('179', 24, 'GUJARAT', 441, 'BANAS KANTHA', NULL),
	('180', 24, 'GUJARAT', 442, 'BHARUCH', NULL),
	('181', 24, 'GUJARAT', 443, 'BHAVNAGAR', NULL),
	('184', 24, 'GUJARAT', 444, 'DANG', NULL),
	('186', 24, 'GUJARAT', 445, 'DOHAD', NULL),
	('187', 24, 'GUJARAT', 446, 'GANDHINAGAR', NULL),
	('189', 24, 'GUJARAT', 447, 'JAMNAGAR', NULL),
	('190', 24, 'GUJARAT', 448, 'JUNAGADH', NULL),
	('191', 24, 'GUJARAT', 449, 'KACHCHH', NULL),
	('192', 24, 'GUJARAT', 450, 'KHEDA', NULL),
	('193', 24, 'GUJARAT', 451, 'MAHESANA', NULL),
	('196', 24, 'GUJARAT', 452, 'NARMADA', NULL),
	('197', 24, 'GUJARAT', 453, 'NAVSARI', NULL),
	('198', 24, 'GUJARAT', 454, 'PANCH MAHALS', NULL),
	('199', 24, 'GUJARAT', 455, 'PATAN', NULL),
	('200', 24, 'GUJARAT', 456, 'PORBANDAR', NULL),
	('201', 24, 'GUJARAT', 457, 'RAJKOT', NULL),
	('202', 24, 'GUJARAT', 458, 'SABAR KANTHA', NULL),
	('203', 24, 'GUJARAT', 459, 'SURAT', NULL),
	('204', 24, 'GUJARAT', 460, 'SURENDRANAGAR', NULL),
	('206', 24, 'GUJARAT', 461, 'VADODARA', NULL),
	('207', 24, 'GUJARAT', 462, 'VALSAD', NULL),
	('644', 38, 'THE DADRA AND NAGAR HAVELI AND DAMAN AND DIU', 463, 'DAMAN', NULL),
	('645', 38, 'THE DADRA AND NAGAR HAVELI AND DAMAN AND DIU', 464, 'DIU', NULL),
	('643', 38, 'THE DADRA AND NAGAR HAVELI AND DAMAN AND DIU', 465, 'DADRA AND NAGAR HAVELI', NULL),
	('386', 27, 'MAHARASHTRA', 466, 'AHMEDNAGAR', NULL),
	('387', 27, 'MAHARASHTRA', 467, 'AKOLA', NULL),
	('388', 27, 'MAHARASHTRA', 468, 'AMRAVATI', NULL),
	('389', 27, 'MAHARASHTRA', 469, 'AURANGABAD', NULL),
	('390', 27, 'MAHARASHTRA', 470, 'BEED', NULL),
	('391', 27, 'MAHARASHTRA', 471, 'BHANDARA', NULL),
	('392', 27, 'MAHARASHTRA', 472, 'BULDHANA', NULL),
	('393', 27, 'MAHARASHTRA', 473, 'CHANDRAPUR', NULL),
	('394', 27, 'MAHARASHTRA', 474, 'DHULE', NULL),
	('395', 27, 'MAHARASHTRA', 475, 'GADCHIROLI', NULL),
	('396', 27, 'MAHARASHTRA', 476, 'GONDIA', NULL),
	('397', 27, 'MAHARASHTRA', 477, 'HINGOLI', NULL),
	('398', 27, 'MAHARASHTRA', 478, 'JALGAON', NULL),
	('399', 27, 'MAHARASHTRA', 479, 'JALNA', NULL),
	('400', 27, 'MAHARASHTRA', 480, 'KOLHAPUR', NULL),
	('401', 27, 'MAHARASHTRA', 481, 'LATUR', NULL),
	('402', 27, 'MAHARASHTRA', 482, 'MUMBAI', NULL),
	('403', 27, 'MAHARASHTRA', 483, 'MUMBAI SUBURBAN', NULL),
	('404', 27, 'MAHARASHTRA', 484, 'NAGPUR', NULL),
	('405', 27, 'MAHARASHTRA', 485, 'NANDED', NULL),
	('406', 27, 'MAHARASHTRA', 486, 'NANDURBAR', NULL),
	('407', 27, 'MAHARASHTRA', 487, 'NASHIK', NULL),
	('408', 27, 'MAHARASHTRA', 488, 'OSMANABAD', NULL),
	('410', 27, 'MAHARASHTRA', 489, 'PARBHANI', NULL),
	('411', 27, 'MAHARASHTRA', 490, 'PUNE', NULL),
	('412', 27, 'MAHARASHTRA', 491, 'RAIGAD', NULL),
	('413', 27, 'MAHARASHTRA', 492, 'RATNAGIRI', NULL),
	('414', 27, 'MAHARASHTRA', 493, 'SANGLI', NULL),
	('415', 27, 'MAHARASHTRA', 494, 'SATARA', NULL),
	('416', 27, 'MAHARASHTRA', 495, 'SINDHUDURG', NULL),
	('417', 27, 'MAHARASHTRA', 496, 'SOLAPUR', NULL),
	('418', 27, 'MAHARASHTRA', 497, 'THANE', NULL),
	('419', 27, 'MAHARASHTRA', 498, 'WARDHA', NULL),
	('420', 27, 'MAHARASHTRA', 499, 'WASHIM', NULL),
	('421', 27, 'MAHARASHTRA', 500, 'YAVATMAL', NULL),
	('610', 36, 'TELANGANA', 501, 'ADILABAD', NULL),
	('6', 28, 'ANDHRA PRADESH', 502, 'ANANTAPUR', NULL),
	('9', 28, 'ANDHRA PRADESH', 503, 'CHITTOOR', NULL),
	('29', 28, 'ANDHRA PRADESH', 504, 'Y.S.R.', NULL),
	('10', 28, 'ANDHRA PRADESH', 505, 'EAST GODAVARI', NULL),
	('12', 28, 'ANDHRA PRADESH', 506, 'GUNTUR', NULL),
	('613', 36, 'TELANGANA', 507, 'HYDERABAD', NULL),
	('619', 36, 'TELANGANA', 508, 'KARIMNAGAR', NULL),
	('620', 36, 'TELANGANA', 509, 'KHAMMAM', NULL),
	('15', 28, 'ANDHRA PRADESH', 510, 'KRISHNA', NULL),
	('16', 28, 'ANDHRA PRADESH', 511, 'KURNOOL', NULL),
	('623', 36, 'TELANGANA', 512, 'MAHABUBNAGAR', NULL),
	('625', 36, 'TELANGANA', 513, 'MEDAK', NULL),
	('629', 36, 'TELANGANA', 514, 'NALGONDA', NULL),
	('22', 28, 'ANDHRA PRADESH', 515, 'SPSR NELLORE', NULL),
	('632', 36, 'TELANGANA', 516, 'NIZAMABAD', NULL),
	('21', 28, 'ANDHRA PRADESH', 517, 'PRAKASAM', NULL),
	('635', 36, 'TELANGANA', 518, 'RANGA REDDY', NULL),
	('23', 28, 'ANDHRA PRADESH', 519, 'SRIKAKULAM', NULL),
	('26', 28, 'ANDHRA PRADESH', 520, 'VISAKHAPATANAM', NULL),
	('27', 28, 'ANDHRA PRADESH', 521, 'VIZIANAGARAM', NULL),
	('641', 36, 'TELANGANA', 522, 'WARANGAL', NULL),
	('28', 28, 'ANDHRA PRADESH', 523, 'WEST GODAVARI', NULL),
	('286', 29, 'KARNATAKA', 524, 'BAGALKOTE', NULL),
	('290', 29, 'KARNATAKA', 525, 'BENGALURU URBAN', NULL),
	('289', 29, 'KARNATAKA', 526, 'BENGALURU RURAL', NULL),
	('288', 29, 'KARNATAKA', 527, 'BELAGAVI', NULL),
	('287', 29, 'KARNATAKA', 528, 'BALLARI', NULL),
	('291', 29, 'KARNATAKA', 529, 'BIDAR', NULL),
	('315', 29, 'KARNATAKA', 530, 'VIJAYAPURA', NULL),
	('292', 29, 'KARNATAKA', 531, 'CHAMARAJANAGARA', NULL),
	('294', 29, 'KARNATAKA', 532, 'CHIKKAMAGALURU', NULL),
	('295', 29, 'KARNATAKA', 533, 'CHITRADURGA', NULL),
	('296', 29, 'KARNATAKA', 534, 'DAKSHINA KANNADA', NULL),
	('297', 29, 'KARNATAKA', 535, 'DAVANGERE', NULL),
	('298', 29, 'KARNATAKA', 536, 'DHARWAD', NULL),
	('299', 29, 'KARNATAKA', 537, 'GADAG', NULL),
	('302', 29, 'KARNATAKA', 538, 'KALABURAGI', NULL),
	('300', 29, 'KARNATAKA', 539, 'HASSAN', NULL),
	('301', 29, 'KARNATAKA', 540, 'HAVERI', NULL),
	('303', 29, 'KARNATAKA', 541, 'KODAGU', NULL),
	('304', 29, 'KARNATAKA', 542, 'KOLAR', NULL),
	('305', 29, 'KARNATAKA', 543, 'KOPPAL', NULL),
	('306', 29, 'KARNATAKA', 544, 'MANDYA', NULL),
	('307', 29, 'KARNATAKA', 545, 'MYSURU', NULL),
	('308', 29, 'KARNATAKA', 546, 'RAICHUR', NULL),
	('310', 29, 'KARNATAKA', 547, 'SHIVAMOGGA', NULL),
	('311', 29, 'KARNATAKA', 548, 'TUMAKURU', NULL),
	('312', 29, 'KARNATAKA', 549, 'UDUPI', NULL),
	('313', 29, 'KARNATAKA', 550, 'UTTARA KANNADA', NULL),
	('173', 30, 'GOA', 551, 'NORTH GOA', NULL),
	('174', 30, 'GOA', 552, 'SOUTH GOA', NULL),
	('333', 31, 'LAKSHADWEEP', 553, 'LAKSHADWEEP DISTRICT', NULL),
	('317', 32, 'KERALA', 554, 'ALAPPUZHA', NULL),
	('318', 32, 'KERALA', 555, 'ERNAKULAM', NULL),
	('319', 32, 'KERALA', 556, 'IDUKKI', NULL),
	('320', 32, 'KERALA', 557, 'KANNUR', NULL),
	('321', 32, 'KERALA', 558, 'KASARAGOD', NULL),
	('322', 32, 'KERALA', 559, 'KOLLAM', NULL),
	('323', 32, 'KERALA', 560, 'KOTTAYAM', NULL),
	('324', 32, 'KERALA', 561, 'KOZHIKODE', NULL),
	('325', 32, 'KERALA', 562, 'MALAPPURAM', NULL),
	('326', 32, 'KERALA', 563, 'PALAKKAD', NULL),
	('327', 32, 'KERALA', 564, 'PATHANAMTHITTA', NULL),
	('328', 32, 'KERALA', 565, 'THIRUVANANTHAPURAM', NULL),
	('329', 32, 'KERALA', 566, 'THRISSUR', NULL),
	('330', 32, 'KERALA', 567, 'WAYANAD', NULL),
	('574', 33, 'TAMIL NADU', 568, 'CHENNAI', NULL),
	('575', 33, 'TAMIL NADU', 569, 'COIMBATORE', NULL),
	('576', 33, 'TAMIL NADU', 570, 'CUDDALORE', NULL),
	('577', 33, 'TAMIL NADU', 571, 'DHARMAPURI', NULL),
	('578', 33, 'TAMIL NADU', 572, 'DINDIGUL', NULL),
	('579', 33, 'TAMIL NADU', 573, 'ERODE', NULL),
	('581', 33, 'TAMIL NADU', 574, 'KANCHIPURAM', NULL),
	('582', 33, 'TAMIL NADU', 575, 'KANNIYAKUMARI', NULL),
	('583', 33, 'TAMIL NADU', 576, 'KARUR', NULL),
	('584', 33, 'TAMIL NADU', 577, 'KRISHNAGIRI', NULL),
	('585', 33, 'TAMIL NADU', 578, 'MADURAI', NULL),
	('587', 33, 'TAMIL NADU', 579, 'NAGAPATTINAM', NULL),
	('588', 33, 'TAMIL NADU', 580, 'NAMAKKAL', NULL),
	('589', 33, 'TAMIL NADU', 581, 'PERAMBALUR', NULL),
	('590', 33, 'TAMIL NADU', 582, 'PUDUKKOTTAI', NULL),
	('591', 33, 'TAMIL NADU', 583, 'RAMANATHAPURAM', NULL),
	('593', 33, 'TAMIL NADU', 584, 'SALEM', NULL),
	('594', 33, 'TAMIL NADU', 585, 'SIVAGANGA', NULL),
	('596', 33, 'TAMIL NADU', 586, 'THANJAVUR', NULL),
	('598', 33, 'TAMIL NADU', 587, 'THE NILGIRIS', NULL),
	('597', 33, 'TAMIL NADU', 588, 'THENI', NULL),
	('599', 33, 'TAMIL NADU', 589, 'THIRUVALLUR', NULL),
	('600', 33, 'TAMIL NADU', 590, 'THIRUVARUR', NULL),
	('601', 33, 'TAMIL NADU', 591, 'TIRUCHIRAPPALLI', NULL),
	('602', 33, 'TAMIL NADU', 592, 'TIRUNELVELI', NULL),
	('605', 33, 'TAMIL NADU', 593, 'TIRUVANNAMALAI', NULL),
	('606', 33, 'TAMIL NADU', 594, 'TUTICORIN', NULL),
	('607', 33, 'TAMIL NADU', 595, 'VELLORE', NULL),
	('608', 33, 'TAMIL NADU', 596, 'VILLUPURAM', NULL),
	('609', 33, 'TAMIL NADU', 597, 'VIRUDHUNAGAR', NULL),
	('506', 34, 'PUDUCHERRY', 598, 'KARAIKAL', NULL),
	('507', 34, 'PUDUCHERRY', 599, 'MAHE', NULL),
	('508', 34, 'PUDUCHERRY', 600, 'PONDICHERRY', NULL),
	('509', 34, 'PUDUCHERRY', 601, 'YANAM', NULL),
	('3', 35, 'ANDAMAN AND NICOBAR ISLANDS', 602, 'SOUTH ANDAMANS', NULL),
	('1', 35, 'ANDAMAN AND NICOBAR ISLANDS', 603, 'NICOBARS', NULL),
	('221', 6, 'HARYANA', 604, 'NUH', NULL),
	('511', 3, 'PUNJAB', 605, 'BARNALA', NULL),
	('274', 20, 'JHARKHAND', 606, 'KHUNTI', NULL),
	('280', 20, 'JHARKHAND', 607, 'RAMGARH', NULL),
	('529', 3, 'PUNJAB', 608, 'S.A.S Nagar', NULL),
	('532', 3, 'PUNJAB', 609, 'Tarn Taran', NULL),
	('572', 33, 'TAMIL NADU', 610, 'Ariyalur', NULL),
	('91', 10, 'BIHAR', 611, 'ARWAL', NULL),
	('62', 18, 'ASSAM', 612, 'CHIRANG', NULL),
	('470', 13, 'NAGALAND', 613, 'PEREN', NULL),
	('463', 13, 'NAGALAND', 614, 'KIPHIRE', NULL),
	('465', 13, 'NAGALAND', 615, 'LONGLENG', NULL),
	('56', 18, 'ASSAM', 616, 'BAKSA', NULL),
	('88', 18, 'ASSAM', 617, 'UDALGURI', NULL),
	('74', 18, 'ASSAM', 618, 'KAMRUP METRO', NULL),
	('222', 6, 'HARYANA', 619, 'PALWAL', NULL),
	('250', 1, 'JAMMU AND KASHMIR', 620, 'KISHTWAR', NULL),
	('256', 1, 'JAMMU AND KASHMIR', 621, 'RAMBAN', NULL),
	('251', 1, 'JAMMU AND KASHMIR', 622, 'KULGAM', NULL),
	('243', 1, 'JAMMU AND KASHMIR', 623, 'BANDIPORA', NULL),
	('258', 1, 'JAMMU AND KASHMIR', 624, 'SAMBA', NULL),
	('259', 1, 'JAMMU AND KASHMIR', 625, 'SHOPIAN', NULL),
	('247', 1, 'JAMMU AND KASHMIR', 626, 'GANDERBAL', NULL),
	('257', 1, 'JAMMU AND KASHMIR', 627, 'REASI', NULL),
	('30', 12, 'ARUNACHAL PRADESH', 628, 'ANJAW', NULL),
	('559', 8, 'RAJASTHAN', 629, 'PRATAPGARH', NULL),
	('293', 29, 'KARNATAKA', 630, 'CHIKKABALLAPURA', NULL),
	('309', 29, 'KARNATAKA', 631, 'RAMANAGARA', NULL),
	('2', 35, 'ANDAMAN AND NICOBAR ISLANDS', 632, 'NORTH AND MIDDLE ANDAMAN', NULL),
	('710', 9, 'UTTAR PRADESH', 633, 'Kasganj', NULL),
	('604', 33, 'TAMIL NADU', 634, 'TIRUPPUR', NULL),
	('316', 29, 'KARNATAKA', 635, 'YADGIR', NULL),
	('134', 22, 'CHHATTISGARH', 636, 'BIJAPUR', NULL),
	('153', 22, 'CHHATTISGARH', 637, 'NARAYANPUR', NULL),
	('381', 23, 'MADHYA PRADESH', 638, 'SINGRAULI', NULL),
	('335', 23, 'MADHYA PRADESH', 639, 'ALIRAJPUR', NULL),
	('670', 9, 'UTTAR PRADESH', 640, 'Amethi', NULL),
	('205', 24, 'GUJARAT', 641, 'TAPI', NULL),
	('159', 22, 'CHHATTISGARH', 642, 'SUKMA', NULL),
	('146', 22, 'CHHATTISGARH', 643, 'KONDAGAON', NULL),
	('130', 22, 'CHHATTISGARH', 644, 'BALODA BAZAR', NULL),
	('139', 22, 'CHHATTISGARH', 645, 'GARIYABAND', NULL),
	('129', 22, 'CHHATTISGARH', 646, 'BALOD', NULL),
	('152', 22, 'CHHATTISGARH', 647, 'MUNGELI', NULL),
	('160', 22, 'CHHATTISGARH', 648, 'SURAJPUR', NULL),
	('131', 22, 'CHHATTISGARH', 649, 'BALRAMPUR', NULL),
	('133', 22, 'CHHATTISGARH', 650, 'BEMETARA', NULL),
	('515', 3, 'PUNJAB', 651, 'FAZILKA', NULL),
	('648', 16, 'TRIPURA', 652, 'Khowai', NULL),
	('650', 16, 'TRIPURA', 653, 'Sepahijala', NULL),
	('647', 16, 'TRIPURA', 654, 'Gomati', NULL),
	('652', 16, 'TRIPURA', 655, 'Unakoti', NULL),
	('442', 17, 'MEGHALAYA', 656, 'NORTH GARO HILLS', NULL),
	('440', 17, 'MEGHALAYA', 657, 'EAST JAINTIA HILLS', NULL),
	('446', 17, 'MEGHALAYA', 658, 'SOUTH WEST KHASI HILLS', NULL),
	('731', 9, 'UTTAR PRADESH', 659, 'SAMBHAL', NULL),
	('734', 9, 'UTTAR PRADESH', 660, 'SHAMLI', NULL),
	('701', 9, 'UTTAR PRADESH', 661, 'HAPUR', NULL),
	('525', 3, 'PUNJAB', 662, 'PATHANKOT', NULL),
	('445', 17, 'MEGHALAYA', 663, 'SOUTH WEST GARO HILLS', NULL),
	('744', 19, 'WEST BENGAL', 664, 'Alipurduar', NULL),
	('409', 27, 'MAHARASHTRA', 665, 'PALGHAR', NULL),
	('40', 12, 'ARUNACHAL PRADESH', 666, 'LONGDING', NULL),
	('334', 23, 'MADHYA PRADESH', 667, 'AGAR MALWA', NULL),
	('183', 24, 'GUJARAT', 668, 'CHHOTAUDEPUR', NULL),
	('194', 24, 'GUJARAT', 669, 'Mahisagar', NULL),
	('170', 7, 'DELHI', 670, 'South East', NULL),
	('168', 7, 'DELHI', 671, 'SHAHDARA', NULL),
	('178', 24, 'GUJARAT', 672, 'ARVALLI', NULL),
	('195', 24, 'GUJARAT', 673, 'MORBI', NULL),
	('185', 24, 'GUJARAT', 674, 'DEVBHUMI DWARKA', NULL),
	('188', 24, 'GUJARAT', 675, 'GIR SOMNATH', NULL),
	('182', 24, 'GUJARAT', 676, 'BOTAD', NULL),
	('36', 12, 'ARUNACHAL PRADESH', 677, 'KRA DAADI', NULL),
	('44', 12, 'ARUNACHAL PRADESH', 678, 'NAMSAI', NULL),
	('48', 12, 'ARUNACHAL PRADESH', 679, 'SIANG', NULL),
	('631', 36, 'TELANGANA', 680, 'Nirmal', NULL),
	('614', 36, 'TELANGANA', 681, 'Jagitial', NULL),
	('633', 36, 'TELANGANA', 682, 'PEDDAPALLI', NULL),
	('634', 36, 'TELANGANA', 683, 'RAJANNA SIRCILLA', NULL),
	('624', 36, 'TELANGANA', 684, 'MANCHERIAL', NULL),
	('618', 36, 'TELANGANA', 685, 'KAMAREDDY', NULL),
	('612', 36, 'TELANGANA', 686, 'HANUMAKONDA', NULL),
	('616', 36, 'TELANGANA', 687, 'JAYASHANKAR BHUPALAPALLY', NULL),
	('622', 36, 'TELANGANA', 688, 'MAHABUBABAD', NULL),
	('615', 36, 'TELANGANA', 689, 'JANGOAN', NULL),
	('611', 36, 'TELANGANA', 690, 'BHADRADRI KOTHAGUDEM', NULL),
	('636', 36, 'TELANGANA', 691, 'SANGAREDDY', NULL),
	('637', 36, 'TELANGANA', 692, 'SIDDIPET', NULL),
	('640', 36, 'TELANGANA', 693, 'WANAPARTHY', NULL),
	('628', 36, 'TELANGANA', 694, 'NAGARKURNOOL', NULL),
	('617', 36, 'TELANGANA', 695, 'JOGULAMBA GADWAL', NULL),
	('638', 36, 'TELANGANA', 696, 'SURYAPET', NULL),
	('642', 36, 'TELANGANA', 697, 'YADADRI BHUVANAGIRI', NULL),
	('639', 36, 'TELANGANA', 698, 'VIKARABAD', NULL),
	('621', 36, 'TELANGANA', 699, 'KUMURAM BHEEM ASIFABAD', NULL),
	('626', 36, 'TELANGANA', 700, 'MEDCHAL MALKAJGIRI', NULL),
	('210', 6, 'HARYANA', 701, 'CHARKI DADRI', NULL),
	('755', 19, 'WEST BENGAL', 702, 'KALIMPONG', NULL),
	('754', 19, 'WEST BENGAL', 703, 'Jhargram', NULL),
	('762', 19, 'WEST BENGAL', 704, 'PASCHIM BARDHAMAN', NULL),
	('58', 18, 'ASSAM', 705, 'Biswanath', NULL),
	('79', 18, 'ASSAM', 706, 'MAJULI', NULL),
	('85', 18, 'ASSAM', 707, 'SOUTH SALMARA MANCACHAR', NULL),
	('61', 18, 'ASSAM', 708, 'CHARAIDEO', NULL),
	('71', 18, 'ASSAM', 709, 'HOJAI', NULL),
	('89', 18, 'ASSAM', 710, 'WEST KARBI ANGLONG', NULL),
	('428', 14, 'MANIPUR', 711, 'KAKCHING', NULL),
	('430', 14, 'MANIPUR', 712, 'KANGPOKPI', NULL),
	('427', 14, 'MANIPUR', 713, 'JIRIBAM', NULL),
	('431', 14, 'MANIPUR', 714, 'NONEY', NULL),
	('432', 14, 'MANIPUR', 715, 'PHERZAWL', NULL),
	('435', 14, 'MANIPUR', 716, 'TENGNOUPAL', NULL),
	('429', 14, 'MANIPUR', 717, 'KAMJONG', NULL),
	('35', 12, 'ARUNACHAL PRADESH', 718, 'KAMLE', NULL),
	('42', 12, 'ARUNACHAL PRADESH', 719, 'LOWER SIANG', NULL),
	('627', 36, 'TELANGANA', 720, 'Mulugu', NULL),
	('630', 36, 'TELANGANA', 721, 'Narayanpet', NULL),
	('366', 23, 'MADHYA PRADESH', 722, 'Niwari', NULL),
	('45', 12, 'ARUNACHAL PRADESH', 723, 'PAKKE KESSANG', NULL),
	('38', 12, 'ARUNACHAL PRADESH', 724, 'LEPARADA', NULL),
	('47', 12, 'ARUNACHAL PRADESH', 725, 'SHI YOMI', NULL),
	('452', 15, 'MIZORAM', 726, 'Hnahthial', NULL),
	('459', 15, 'MIZORAM', 727, 'SAITUAL', NULL),
	('453', 15, 'MIZORAM', 728, 'KHAWZAWL', NULL),
	('580', 33, 'TAMIL NADU', 729, 'KALLAKURICHI', NULL),
	('573', 33, 'TAMIL NADU', 730, 'CHENGALPATTU', NULL),
	('592', 33, 'TAMIL NADU', 731, 'Ranipet', NULL),
	('603', 33, 'TAMIL NADU', 732, 'Tirupathur', NULL),
	('595', 33, 'TAMIL NADU', 733, 'TENKASI', NULL),
	('140', 22, 'CHHATTISGARH', 734, 'Gaurella Pendra Marwahi', NULL),
	('586', 33, 'TAMIL NADU', 735, 'Mayiladuthurai', NULL),
	('469', 13, 'NAGALAND', 736, 'Noklak', NULL),
	('522', 3, 'PUNJAB', 737, 'MALERKOTLA', NULL),
	('314', 29, 'KARNATAKA', 738, 'VIJAYANAGAR', NULL),
	('55', 18, 'ASSAM', 739, 'BAJALI', NULL),
	('438', 17, 'MEGHALAYA', 740, 'EASTERN WEST KHASI HILLS', NULL),
	('570', 11, 'SIKKIM', 741, 'Pakyong', NULL),
	('571', 11, 'SIKKIM', 742, 'Soreng', NULL),
	('20', 28, 'ANDHRA PRADESH', 743, 'Parvathipuram Manyam', NULL),
	('5', 28, 'ANDHRA PRADESH', 744, 'Anakapalli', NULL),
	('4', 28, 'ANDHRA PRADESH', 745, 'Alluri Sitharama Raju', NULL),
	('13', 28, 'ANDHRA PRADESH', 746, 'Kakinada', NULL),
	('14', 28, 'ANDHRA PRADESH', 747, 'Konaseema', NULL),
	('11', 28, 'ANDHRA PRADESH', 748, 'Eluru', NULL),
	('18', 28, 'ANDHRA PRADESH', 749, 'NTR', NULL),
	('8', 28, 'ANDHRA PRADESH', 750, 'Bapatla', NULL),
	('19', 28, 'ANDHRA PRADESH', 751, 'Palnadu', NULL),
	('25', 28, 'ANDHRA PRADESH', 752, 'Tirupati', NULL),
	('7', 28, 'ANDHRA PRADESH', 753, 'Annamayya', NULL),
	('24', 28, 'ANDHRA PRADESH', 754, 'Sri Sathya Sai', NULL),
	('17', 28, 'ANDHRA PRADESH', 755, 'Nandyal', NULL),
	('86', 18, 'ASSAM', 756, 'TAMULPUR', NULL),
	('472', 13, 'NAGALAND', 757, 'Tseminyu', NULL),
	('461', 13, 'NAGALAND', 758, 'Chumoukedima', NULL),
	('145', 22, 'CHHATTISGARH', 759, 'KHAIRGARH CHHUIKHADAN GANDAI', NULL),
	('150', 22, 'CHHATTISGARH', 760, 'MANENDRAGARH CHIRIMIRI BHARATPUR', NULL),
	('151', 22, 'CHHATTISGARH', 761, 'MOHLA MANPUR AMBAGARH CHOUKI', NULL),
	('157', 22, 'CHHATTISGARH', 762, 'SAKTI', NULL),
	('158', 22, 'CHHATTISGARH', 763, 'SARANGARH BILAIGARH', NULL),
	('468', 13, 'NAGALAND', 764, 'Niuland', NULL);

-- Dumping structure for table sensetechbackend.django_admin_log
CREATE TABLE IF NOT EXISTS `django_admin_log` (
  `id` int(11) NOT NULL AUTO_INCREMENT,
  `action_time` datetime(6) NOT NULL,
  `object_id` longtext DEFAULT NULL,
  `object_repr` varchar(200) NOT NULL,
  `action_flag` smallint(5) unsigned NOT NULL CHECK (`action_flag` >= 0),
  `change_message` longtext NOT NULL,
  `content_type_id` int(11) DEFAULT NULL,
  `user_id` int(11) NOT NULL,
  PRIMARY KEY (`id`),
  KEY `django_admin_log_content_type_id_c4bce8eb_fk_django_co` (`content_type_id`),
  KEY `django_admin_log_user_id_c564eba6_fk_auth_user_id` (`user_id`),
  CONSTRAINT `django_admin_log_content_type_id_c4bce8eb_fk_django_co` FOREIGN KEY (`content_type_id`) REFERENCES `django_content_type` (`id`),
  CONSTRAINT `django_admin_log_user_id_c564eba6_fk_auth_user_id` FOREIGN KEY (`user_id`) REFERENCES `auth_user` (`id`)
) ENGINE=InnoDB AUTO_INCREMENT=3 DEFAULT CHARSET=utf8mb4;

-- Dumping data for table sensetechbackend.django_admin_log: ~1 rows (approximately)
INSERT INTO `django_admin_log` (`id`, `action_time`, `object_id`, `object_repr`, `action_flag`, `change_message`, `content_type_id`, `user_id`) VALUES
	(1, '2023-01-31 05:22:00.467510', 'None', 'Profile object (None)', 1, '[{"added": {}}]', 9, 1),
	(2, '2023-01-31 05:38:38.596504', '2', 'Profile object (2)', 1, '[{"added": {}}]', 9, 1);

-- Dumping structure for table sensetechbackend.django_content_type
CREATE TABLE IF NOT EXISTS `django_content_type` (
  `id` int(11) NOT NULL AUTO_INCREMENT,
  `app_label` varchar(100) NOT NULL,
  `model` varchar(100) NOT NULL,
  PRIMARY KEY (`id`),
  UNIQUE KEY `django_content_type_app_label_model_76bd3d3b_uniq` (`app_label`,`model`)
) ENGINE=InnoDB AUTO_INCREMENT=10 DEFAULT CHARSET=utf8mb4;

-- Dumping data for table sensetechbackend.django_content_type: ~9 rows (approximately)
INSERT INTO `django_content_type` (`id`, `app_label`, `model`) VALUES
	(1, 'admin', 'logentry'),
	(3, 'auth', 'group'),
	(2, 'auth', 'permission'),
	(4, 'auth', 'user'),
	(9, 'base', 'profile'),
	(5, 'contenttypes', 'contenttype'),
	(6, 'sessions', 'session'),
	(7, 'token_blacklist', 'blacklistedtoken'),
	(8, 'token_blacklist', 'outstandingtoken');

-- Dumping structure for table sensetechbackend.django_migrations
CREATE TABLE IF NOT EXISTS `django_migrations` (
  `id` bigint(20) NOT NULL AUTO_INCREMENT,
  `app` varchar(255) NOT NULL,
  `name` varchar(255) NOT NULL,
  `applied` datetime(6) NOT NULL,
  PRIMARY KEY (`id`)
) ENGINE=InnoDB AUTO_INCREMENT=30 DEFAULT CHARSET=utf8mb4;

-- Dumping data for table sensetechbackend.django_migrations: ~29 rows (approximately)
INSERT INTO `django_migrations` (`id`, `app`, `name`, `applied`) VALUES
	(1, 'contenttypes', '0001_initial', '2023-01-30 08:13:38.089508'),
	(2, 'auth', '0001_initial', '2023-01-30 08:13:38.308565'),
	(3, 'admin', '0001_initial', '2023-01-30 08:13:38.356476'),
	(4, 'admin', '0002_logentry_remove_auto_add', '2023-01-30 08:13:38.362444'),
	(5, 'admin', '0003_logentry_add_action_flag_choices', '2023-01-30 08:13:38.367394'),
	(6, 'contenttypes', '0002_remove_content_type_name', '2023-01-30 08:13:38.399310'),
	(7, 'auth', '0002_alter_permission_name_max_length', '2023-01-30 08:13:38.418022'),
	(8, 'auth', '0003_alter_user_email_max_length', '2023-01-30 08:13:38.432102'),
	(9, 'auth', '0004_alter_user_username_opts', '2023-01-30 08:13:38.437881'),
	(10, 'auth', '0005_alter_user_last_login_null', '2023-01-30 08:13:38.455846'),
	(11, 'auth', '0006_require_contenttypes_0002', '2023-01-30 08:13:38.456807'),
	(12, 'auth', '0007_alter_validators_add_error_messages', '2023-01-30 08:13:38.461795'),
	(13, 'auth', '0008_alter_user_username_max_length', '2023-01-30 08:13:38.474868'),
	(14, 'auth', '0009_alter_user_last_name_max_length', '2023-01-30 08:13:38.487865'),
	(15, 'auth', '0010_alter_group_name_max_length', '2023-01-30 08:13:38.501443'),
	(16, 'auth', '0011_update_proxy_permissions', '2023-01-30 08:13:38.506444'),
	(17, 'auth', '0012_alter_user_first_name_max_length', '2023-01-30 08:13:38.520193'),
	(18, 'sessions', '0001_initial', '2023-01-30 08:13:38.538206'),
	(19, 'token_blacklist', '0001_initial', '2023-01-30 09:07:08.128063'),
	(20, 'token_blacklist', '0002_outstandingtoken_jti_hex', '2023-01-30 09:07:08.143685'),
	(21, 'token_blacklist', '0003_auto_20171017_2007', '2023-01-30 09:07:08.143685'),
	(22, 'token_blacklist', '0004_auto_20171017_2013', '2023-01-30 09:07:08.174927'),
	(23, 'token_blacklist', '0005_remove_outstandingtoken_jti', '2023-01-30 09:07:08.190549'),
	(24, 'token_blacklist', '0006_auto_20171017_2113', '2023-01-30 09:07:08.206170'),
	(25, 'token_blacklist', '0007_auto_20171017_2214', '2023-01-30 09:07:09.346527'),
	(26, 'token_blacklist', '0008_migrate_to_bigautofield', '2023-01-30 09:07:09.502740'),
	(27, 'token_blacklist', '0010_fix_migrate_to_bigautofield', '2023-01-30 09:07:09.518390'),
	(28, 'token_blacklist', '0011_linearizes_history', '2023-01-30 09:07:09.518390'),
	(29, 'token_blacklist', '0012_alter_outstandingtoken_user', '2023-01-30 09:07:09.518390');

-- Dumping structure for table sensetechbackend.django_session
CREATE TABLE IF NOT EXISTS `django_session` (
  `session_key` varchar(40) NOT NULL,
  `session_data` longtext NOT NULL,
  `expire_date` datetime(6) NOT NULL,
  PRIMARY KEY (`session_key`),
  KEY `django_session_expire_date_a5c62663` (`expire_date`)
) ENGINE=InnoDB DEFAULT CHARSET=utf8mb4;

-- Dumping data for table sensetechbackend.django_session: ~1 rows (approximately)
INSERT INTO `django_session` (`session_key`, `session_data`, `expire_date`) VALUES
	('30tdlnyllks8ij28qwxo08k40yny9kok', '.eJxVjDsOwjAQBe_iGln-KGuHkp4zWLveNQ4gR4qTCnF3iJQC2jcz76USbmtNW5clTazOyqrT70aYH9J2wHdst1nnua3LRHpX9EG7vs4sz8vh_h1U7PVboyOOhgpYj-BGzgFdKG4sTFGkZCYyYErwzgIg5-iFSQYUL0PwYNX7AxOdORs:1pMRTi:BFgmE3t-ubaLQVXkJtWixoiOcXW9yFScS2o2s5q_bSo', '2023-02-13 10:33:34.538552');

-- Dumping structure for table sensetechbackend.profile
CREATE TABLE IF NOT EXISTS `profile` (
  `id` int(11) NOT NULL AUTO_INCREMENT,
  `userid` int(11) DEFAULT NULL,
  `address` varchar(250) DEFAULT NULL,
  `mobileno` bigint(20) DEFAULT NULL,
  `district` int(11) DEFAULT NULL,
  `state` int(11) DEFAULT NULL,
  PRIMARY KEY (`id`),
  KEY `FK_profile_auth_user` (`userid`),
  KEY `FK_profile_district` (`district`),
  KEY `FK_profile_state` (`state`),
  CONSTRAINT `FK_profile_auth_user` FOREIGN KEY (`userid`) REFERENCES `auth_user` (`id`) ON DELETE SET NULL ON UPDATE CASCADE,
  CONSTRAINT `FK_profile_district` FOREIGN KEY (`district`) REFERENCES `district` (`district_code`) ON DELETE SET NULL ON UPDATE CASCADE,
  CONSTRAINT `FK_profile_state` FOREIGN KEY (`state`) REFERENCES `state` (`state_code`) ON DELETE SET NULL ON UPDATE CASCADE
) ENGINE=InnoDB AUTO_INCREMENT=3 DEFAULT CHARSET=utf8mb4;

-- Dumping data for table sensetechbackend.profile: ~1 rows (approximately)
INSERT INTO `profile` (`id`, `userid`, `address`, `mobileno`, `district`, `state`) VALUES
	(2, 1, 'MIG-351, Sector -1', 9098704104, 6, 7);

-- Dumping structure for table sensetechbackend.state
CREATE TABLE IF NOT EXISTS `state` (
  `id` varchar(255) DEFAULT NULL,
  `state_code` int(11) NOT NULL,
  `state_name_en` varchar(255) DEFAULT NULL,
  `state_name_local` varchar(255) DEFAULT NULL,
  `state_or_ut` varchar(255) DEFAULT NULL,
  PRIMARY KEY (`state_code`)
) ENGINE=InnoDB DEFAULT CHARSET=utf8mb4;

-- Dumping data for table sensetechbackend.state: ~36 rows (approximately)
INSERT INTO `state` (`id`, `state_code`, `state_name_en`, `state_name_local`, `state_or_ut`) VALUES
	('13', 1, 'JAMMU AND KASHMIR', 'JAMMU AND KASHMIR', 'U'),
	('12', 2, 'HIMACHAL PRADESH', 'HIMACHAL PRADESH', 'S'),
	('27', 3, 'PUNJAB', 'PUNJAB', 'S'),
	('6', 4, 'CHANDIGARH', 'CHANDIGARH', 'U'),
	('34', 5, 'UTTARAKHAND', 'UTTARAKHAND', 'S'),
	('11', 6, 'HARYANA', 'HARYANA', 'S'),
	('8', 7, 'DELHI', 'DELHI', 'U'),
	('28', 8, 'RAJASTHAN', 'RAJASTHAN', 'S'),
	('35', 9, 'UTTAR PRADESH', 'UTTAR PRADESH', 'S'),
	('5', 10, 'BIHAR', 'BIHAR', 'S'),
	('29', 11, 'SIKKIM', 'SIKKIM', 'S'),
	('3', 12, 'ARUNACHAL PRADESH', 'ARUNACHAL PRADESH', 'S'),
	('24', 13, 'NAGALAND', 'NAGALAND', 'S'),
	('21', 14, 'MANIPUR', 'MANIPUR', 'S'),
	('23', 15, 'MIZORAM', 'MIZORAM', 'S'),
	('33', 16, 'TRIPURA', 'TRIPURA', 'S'),
	('22', 17, 'MEGHALAYA', 'MEGHALAYA', 'S'),
	('4', 18, 'ASSAM', 'ASSAM', 'S'),
	('36', 19, 'WEST BENGAL', 'WEST BENGAL', 'S'),
	('14', 20, 'JHARKHAND', 'JHARKHAND', 'S'),
	('25', 21, 'ODISHA', 'ODISHA', 'S'),
	('7', 22, 'CHHATTISGARH', 'CHHATTISGARH', 'S'),
	('19', 23, 'MADHYA PRADESH', 'MADHYA PRADESH', 'S'),
	('10', 24, 'GUJARAT', 'GUJARAT', 'S'),
	('20', 27, 'MAHARASHTRA', 'MAHARASHTRA', 'S'),
	('2', 28, 'ANDHRA PRADESH', 'ANDHRA PRADESH', 'S'),
	('15', 29, 'KARNATAKA', 'KARNATAKA', 'S'),
	('9', 30, 'GOA', 'GOA', 'S'),
	('18', 31, 'LAKSHADWEEP', 'LAKSHADWEEP', 'U'),
	('16', 32, 'KERALA', 'KERALA', 'S'),
	('30', 33, 'TAMIL NADU', 'TAMIL NADU', 'S'),
	('26', 34, 'PUDUCHERRY', 'PUDUCHERRY', 'U'),
	('1', 35, 'ANDAMAN AND NICOBAR ISLANDS', 'ANDAMAN AND NICOBAR ISLANDS', 'U'),
	('31', 36, 'TELANGANA', 'TELANGANA', 'S'),
	('17', 37, 'LADAKH', 'LADAKH', 'U'),
	('32', 38, 'THE DADRA AND NAGAR HAVELI AND DAMAN AND DIU', 'THE DADRA AND NAGAR HAVELI AND DAMAN AND DIU', 'U');

-- Dumping structure for table sensetechbackend.token_blacklist_blacklistedtoken
CREATE TABLE IF NOT EXISTS `token_blacklist_blacklistedtoken` (
  `id` bigint(20) NOT NULL AUTO_INCREMENT,
  `blacklisted_at` datetime(6) NOT NULL,
  `token_id` bigint(20) NOT NULL,
  PRIMARY KEY (`id`),
  UNIQUE KEY `token_id` (`token_id`),
  CONSTRAINT `token_blacklist_blacklistedtoken_token_id_3cc7fe56_fk` FOREIGN KEY (`token_id`) REFERENCES `token_blacklist_outstandingtoken` (`id`)
) ENGINE=InnoDB DEFAULT CHARSET=utf8mb4;

-- Dumping data for table sensetechbackend.token_blacklist_blacklistedtoken: ~0 rows (approximately)

-- Dumping structure for table sensetechbackend.token_blacklist_outstandingtoken
CREATE TABLE IF NOT EXISTS `token_blacklist_outstandingtoken` (
  `id` bigint(20) NOT NULL AUTO_INCREMENT,
  `token` longtext NOT NULL,
  `created_at` datetime(6) DEFAULT NULL,
  `expires_at` datetime(6) NOT NULL,
  `user_id` int(11) DEFAULT NULL,
  `jti` varchar(255) NOT NULL,
  PRIMARY KEY (`id`),
  UNIQUE KEY `token_blacklist_outstandingtoken_jti_hex_d9bdf6f7_uniq` (`jti`),
  KEY `token_blacklist_outs_user_id_83bc629a_fk_auth_user` (`user_id`),
  CONSTRAINT `token_blacklist_outs_user_id_83bc629a_fk_auth_user` FOREIGN KEY (`user_id`) REFERENCES `auth_user` (`id`)
) ENGINE=InnoDB AUTO_INCREMENT=27 DEFAULT CHARSET=utf8mb4;

-- Dumping data for table sensetechbackend.token_blacklist_outstandingtoken: ~26 rows (approximately)
INSERT INTO `token_blacklist_outstandingtoken` (`id`, `token`, `created_at`, `expires_at`, `user_id`, `jti`) VALUES
	(1, 'eyJhbGciOiJIUzI1NiIsInR5cCI6IkpXVCJ9.eyJ0b2tlbl90eXBlIjoicmVmcmVzaCIsImV4cCI6MTY3NTE1NjU2MiwiaWF0IjoxNjc1MDcwMTYyLCJqdGkiOiI0Y2QyOGZlY2VlY2E0YmU2YTkwMjQ0ZDdjM2RiODRiMSIsInVzZXJfaWQiOjF9.4DtbiVYx-hp4zxkgKdSWcFBOEzy5iI12Hzh30YPs5W8', '2023-01-30 09:16:02.383218', '2023-01-31 09:16:02.000000', 1, '4cd28feceeca4be6a90244d7c3db84b1'),
	(2, 'eyJhbGciOiJIUzI1NiIsInR5cCI6IkpXVCJ9.eyJ0b2tlbl90eXBlIjoicmVmcmVzaCIsImV4cCI6MTY3NTE1NjU2MiwiaWF0IjoxNjc1MDcwMTYyLCJqdGkiOiI2YzEyYjExNDE4MDU0ZjMxOTlmMTFiZmVhYzgzODEwMyIsInVzZXJfaWQiOjF9.ma3VhlVeh39wtzzu1HzINvTGdxLDViBm0eWvrDGgPIw', '2023-01-30 09:16:02.441856', '2023-01-31 09:16:02.000000', 1, '6c12b11418054f3199f11bfeac838103'),
	(3, 'eyJhbGciOiJIUzI1NiIsInR5cCI6IkpXVCJ9.eyJ0b2tlbl90eXBlIjoicmVmcmVzaCIsImV4cCI6MTY3NTE1OTI1OSwiaWF0IjoxNjc1MDcyODU5LCJqdGkiOiIzMmI3YTU4MGY2YWY0ZmYzYjViMGUwZjQxYWE4ZDJjZiIsInVzZXJfaWQiOjF9.1da4SXTiVcpVA6yFclT7KbdBoqv81UHDqOzT9BSkGPk', '2023-01-30 10:00:59.010506', '2023-01-31 10:00:59.000000', 1, '32b7a580f6af4ff3b5b0e0f41aa8d2cf'),
	(4, 'eyJhbGciOiJIUzI1NiIsInR5cCI6IkpXVCJ9.eyJ0b2tlbl90eXBlIjoicmVmcmVzaCIsImV4cCI6MTY3NTE1OTI1OSwiaWF0IjoxNjc1MDcyODU5LCJqdGkiOiJmNDBmOTQ0NTlhZjI0M2M0YjhhNDFjMzdhZjg0ZTM1NCIsInVzZXJfaWQiOjF9.u_ZGbUmiBXgm65C9sVA_3WFgvcxe7D9D90O0bvmvuw0', '2023-01-30 10:00:59.030114', '2023-01-31 10:00:59.000000', 1, 'f40f94459af243c4b8a41c37af84e354'),
	(5, 'eyJhbGciOiJIUzI1NiIsInR5cCI6IkpXVCJ9.eyJ0b2tlbl90eXBlIjoicmVmcmVzaCIsImV4cCI6MTY3NTE1OTc2MCwiaWF0IjoxNjc1MDczMzYwLCJqdGkiOiIyNDcyZjI3ZjE5YTY0NjVlYWMyYWU0YThiNjA1OTBiMSIsInVzZXJfaWQiOjF9.y9RCybm5vJbEyP5X6OcOGimzZgFSlRx8E3wj0_Ct-QQ', '2023-01-30 10:09:20.985894', '2023-01-31 10:09:20.000000', 1, '2472f27f19a6465eac2ae4a8b60590b1'),
	(6, 'eyJhbGciOiJIUzI1NiIsInR5cCI6IkpXVCJ9.eyJ0b2tlbl90eXBlIjoicmVmcmVzaCIsImV4cCI6MTY3NTE1OTc2MCwiaWF0IjoxNjc1MDczMzYwLCJqdGkiOiI2NWJkNDMwOTY3MGQ0NGIwYjA2MzVmMWYxZWY3Y2RjYSIsInVzZXJfaWQiOjF9.XG4QvvPcfnVtQT-eDKABtOhjf0kfpVFX9fXwEjk_2tY', '2023-01-30 10:09:20.988392', '2023-01-31 10:09:20.000000', 1, '65bd4309670d44b0b0635f1f1ef7cdca'),
	(7, 'eyJhbGciOiJIUzI1NiIsInR5cCI6IkpXVCJ9.eyJ0b2tlbl90eXBlIjoicmVmcmVzaCIsImV4cCI6MTY3NTE1OTgyMywiaWF0IjoxNjc1MDczNDIzLCJqdGkiOiI2MzE4Yzc3MmJhMjE0OTUzYTQ1NDgxZWZlZTlkNmJhZSIsInVzZXJfaWQiOjF9.6Mu260rwLEvrB8eDEcbELycnOFjmh_ZyHMnZ-vGXhxI', '2023-01-30 10:10:23.543155', '2023-01-31 10:10:23.000000', 1, '6318c772ba214953a45481efee9d6bae'),
	(8, 'eyJhbGciOiJIUzI1NiIsInR5cCI6IkpXVCJ9.eyJ0b2tlbl90eXBlIjoicmVmcmVzaCIsImV4cCI6MTY3NTE1OTgyMywiaWF0IjoxNjc1MDczNDIzLCJqdGkiOiIyZDI0MDQwNTk3MGE0ZjAxYWJmMGEzZjNhMDJmOTNmMSIsInVzZXJfaWQiOjF9.dU5BPzwbBaWxTBE1bvIqT4s2UZUa74J5LuZsrkjT-cA', '2023-01-30 10:10:23.547660', '2023-01-31 10:10:23.000000', 1, '2d240405970a4f01abf0a3f3a02f93f1'),
	(9, 'eyJhbGciOiJIUzI1NiIsInR5cCI6IkpXVCJ9.eyJ0b2tlbl90eXBlIjoicmVmcmVzaCIsImV4cCI6MTY3NTE1OTgzMSwiaWF0IjoxNjc1MDczNDMxLCJqdGkiOiIxNzIzYjE1ZjhiODU0YjFkYmRhZjUxYzgyYWZjNWE5YyIsInVzZXJfaWQiOjF9.QlaAdu_-99XZH3UfOLRNJjP8TyxovXYjehI-FCSyuvQ', '2023-01-30 10:10:31.950712', '2023-01-31 10:10:31.000000', 1, '1723b15f8b854b1dbdaf51c82afc5a9c'),
	(10, 'eyJhbGciOiJIUzI1NiIsInR5cCI6IkpXVCJ9.eyJ0b2tlbl90eXBlIjoicmVmcmVzaCIsImV4cCI6MTY3NTE1OTgzMSwiaWF0IjoxNjc1MDczNDMxLCJqdGkiOiIyNTY0YzVkNWE2MDc0N2RjOWI4NmY2OTViZTA0OWRjNSIsInVzZXJfaWQiOjF9.2YBGIdXXgzQdgtLk26EZy3o20u3rWiR_421jc5Fbr4c', '2023-01-30 10:10:31.954534', '2023-01-31 10:10:31.000000', 1, '2564c5d5a60747dc9b86f695be049dc5'),
	(11, 'eyJhbGciOiJIUzI1NiIsInR5cCI6IkpXVCJ9.eyJ0b2tlbl90eXBlIjoicmVmcmVzaCIsImV4cCI6MTY3NTE2MDE1OSwiaWF0IjoxNjc1MDczNzU5LCJqdGkiOiI2MGJmODQxOGQ4NGI0MWVmYjMxZDkzZGQ3NWE4NDUzZSIsInVzZXJfaWQiOjF9.xLEpIpow7eTE595MMaD4eEyu4O95elLNeNASxAqeEt0', '2023-01-30 10:15:59.631847', '2023-01-31 10:15:59.000000', 1, '60bf8418d84b41efb31d93dd75a8453e'),
	(12, 'eyJhbGciOiJIUzI1NiIsInR5cCI6IkpXVCJ9.eyJ0b2tlbl90eXBlIjoicmVmcmVzaCIsImV4cCI6MTY3NTE2MDE1OSwiaWF0IjoxNjc1MDczNzU5LCJqdGkiOiJiMGE1ZTFlMjg2YTI0YjQwYTllNmJkYjJiMmE1OGViYyIsInVzZXJfaWQiOjF9.MOXNhsqvC8btfRLmw6qOwmQAua3lagVlRsJYP7VlPD0', '2023-01-30 10:15:59.633789', '2023-01-31 10:15:59.000000', 1, 'b0a5e1e286a24b40a9e6bdb2b2a58ebc'),
	(13, 'eyJhbGciOiJIUzI1NiIsInR5cCI6IkpXVCJ9.eyJ0b2tlbl90eXBlIjoicmVmcmVzaCIsImV4cCI6MTY3NTE2MDM3NCwiaWF0IjoxNjc1MDczOTc0LCJqdGkiOiI1ZmE0NjU3YmZkZmQ0OWFkOTY4MjZhYzhiNGNkZGMwMyIsInVzZXJfaWQiOjF9.Cobqfb4ByD2bRMcfwzdoG39L49aWpC4BSrlhPm2A_QA', '2023-01-30 10:19:34.324263', '2023-01-31 10:19:34.000000', 1, '5fa4657bfdfd49ad96826ac8b4cddc03'),
	(14, 'eyJhbGciOiJIUzI1NiIsInR5cCI6IkpXVCJ9.eyJ0b2tlbl90eXBlIjoicmVmcmVzaCIsImV4cCI6MTY3NTE2MDM3NCwiaWF0IjoxNjc1MDczOTc0LCJqdGkiOiJkYTI0MGYxMmZiMTU0NDUyODNlZGNkMmNiYTBhMjRjMCIsInVzZXJfaWQiOjF9.DLmQ5_2UHqrZQU44B4Mcj6e7zWVCqJ5frHgra7kbMXs', '2023-01-30 10:19:34.328253', '2023-01-31 10:19:34.000000', 1, 'da240f12fb15445283edcd2cba0a24c0'),
	(15, 'eyJhbGciOiJIUzI1NiIsInR5cCI6IkpXVCJ9.eyJ0b2tlbl90eXBlIjoicmVmcmVzaCIsImV4cCI6MTY3NTE2MDQxMSwiaWF0IjoxNjc1MDc0MDExLCJqdGkiOiJjMTNlMzEzYWRmMzg0ODljYjYxNmJmYTkwNGQzY2M3YSIsInVzZXJfaWQiOjF9.j4XSRQXJMFjmMw5UAPECv1YyXU_zJRJj50J3Uty4254', '2023-01-30 10:20:11.342432', '2023-01-31 10:20:11.000000', 1, 'c13e313adf38489cb616bfa904d3cc7a'),
	(16, 'eyJhbGciOiJIUzI1NiIsInR5cCI6IkpXVCJ9.eyJ0b2tlbl90eXBlIjoicmVmcmVzaCIsImV4cCI6MTY3NTE2MDQxMSwiaWF0IjoxNjc1MDc0MDExLCJqdGkiOiIxZDc4Y2FhYmI2YjA0Mjc3YmYzNjllODY4OTVjOWI4YiIsInVzZXJfaWQiOjF9.tnbgRwsSTKQn8eK7KhUnEZNNckGu1syeqEUjSON5UXk', '2023-01-30 10:20:11.344426', '2023-01-31 10:20:11.000000', 1, '1d78caabb6b04277bf369e86895c9b8b'),
	(17, 'eyJhbGciOiJIUzI1NiIsInR5cCI6IkpXVCJ9.eyJ0b2tlbl90eXBlIjoicmVmcmVzaCIsImV4cCI6MTY3NTE2MTE5NywiaWF0IjoxNjc1MDc0Nzk3LCJqdGkiOiJjNTNiOTdiNmYyMjY0YTg2YmIwNDJlZWJlYjM2ZGQ4MSIsInVzZXJfaWQiOjJ9.8aMwJJQGjCkNSVCIFUBQ0lpnGpKmVpcsYtpvrl8_XpM', '2023-01-30 10:33:17.541111', '2023-01-31 10:33:17.000000', 2, 'c53b97b6f2264a86bb042eebeb36dd81'),
	(18, 'eyJhbGciOiJIUzI1NiIsInR5cCI6IkpXVCJ9.eyJ0b2tlbl90eXBlIjoicmVmcmVzaCIsImV4cCI6MTY3NTE2MTI0MSwiaWF0IjoxNjc1MDc0ODQxLCJqdGkiOiIyNDJiMTAwMmRiNTY0ZDU2OTI0NmU5Y2Y5N2YxYWZlNiIsInVzZXJfaWQiOjJ9.Q6hPRWcJeDvKi67cArkB60H5uw4bQ3IHrwC5IhjkB7A', '2023-01-30 10:34:01.723350', '2023-01-31 10:34:01.000000', 2, '242b1002db564d569246e9cf97f1afe6'),
	(19, 'eyJhbGciOiJIUzI1NiIsInR5cCI6IkpXVCJ9.eyJ0b2tlbl90eXBlIjoicmVmcmVzaCIsImV4cCI6MTY3NTE2MTI0MSwiaWF0IjoxNjc1MDc0ODQxLCJqdGkiOiJkN2EyNDhjMzk4NzY0MmM4OWJiNDU3MmU4MjhjZjBhNCIsInVzZXJfaWQiOjJ9._8K5TBuBa2QS5gD09Sm8x3VSLp-C6Qo0CZDF2ANTHQM', '2023-01-30 10:34:01.727341', '2023-01-31 10:34:01.000000', 2, 'd7a248c3987642c89bb4572e828cf0a4'),
	(20, 'eyJhbGciOiJIUzI1NiIsInR5cCI6IkpXVCJ9.eyJ0b2tlbl90eXBlIjoicmVmcmVzaCIsImV4cCI6MTY3NTE2MTI3MiwiaWF0IjoxNjc1MDc0ODcyLCJqdGkiOiIyNWZlZDllZDQ3OTA0ZjE2YTQzMGE1Zjc5NzFiZGFlZSIsInVzZXJfaWQiOjF9.KKAr3B9iQJ3LMQ19e1bzCv5NTpusAfXULoU9Ms9X30E', '2023-01-30 10:34:32.612643', '2023-01-31 10:34:32.000000', 1, '25fed9ed47904f16a430a5f7971bdaee'),
	(21, 'eyJhbGciOiJIUzI1NiIsInR5cCI6IkpXVCJ9.eyJ0b2tlbl90eXBlIjoicmVmcmVzaCIsImV4cCI6MTY3NTE2MTI3MiwiaWF0IjoxNjc1MDc0ODcyLCJqdGkiOiI1ODcwZDUxNTIxNjE0ZDhmODMxNjNkM2FiODE4ZjNlZiIsInVzZXJfaWQiOjF9.slKo2yFo_PHj1gF16XMgV6kuuv1DQe6iNVOwK-yLjJs', '2023-01-30 10:34:32.616668', '2023-01-31 10:34:32.000000', 1, '5870d51521614d8f83163d3ab818f3ef'),
	(22, 'eyJhbGciOiJIUzI1NiIsInR5cCI6IkpXVCJ9.eyJ0b2tlbl90eXBlIjoicmVmcmVzaCIsImV4cCI6MTY3NTE2MTI5MywiaWF0IjoxNjc1MDc0ODkzLCJqdGkiOiIyNTdlY2E0MTNkNjQ0YWQzOThiYmQ0ZDg4NzViODUyYSIsInVzZXJfaWQiOjN9.LHI7maLFsAQxuEtZRlB6MkzhfRATBsEtTijjOhIgoWw', '2023-01-30 10:34:53.999901', '2023-01-31 10:34:53.000000', 3, '257eca413d644ad398bbd4d8875b852a'),
	(23, 'eyJhbGciOiJIUzI1NiIsInR5cCI6IkpXVCJ9.eyJ0b2tlbl90eXBlIjoicmVmcmVzaCIsImV4cCI6MTY3NTE2MjYzOSwiaWF0IjoxNjc1MDc2MjM5LCJqdGkiOiIxNzM4OGIyMjdiOTI0MTI5OTM4ZTljMWE2OTE2MDdlZCIsInVzZXJfaWQiOjN9.WqzGQ4Eut4YH6hlKLB9XA1TfxXJ-1CdPFWkqyxYb4nY', '2023-01-30 10:57:19.506494', '2023-01-31 10:57:19.000000', 3, '17388b227b924129938e9c1a691607ed'),
	(24, 'eyJhbGciOiJIUzI1NiIsInR5cCI6IkpXVCJ9.eyJ0b2tlbl90eXBlIjoicmVmcmVzaCIsImV4cCI6MTY3NTE2MjYzOSwiaWF0IjoxNjc1MDc2MjM5LCJqdGkiOiI3MDBhNTEzNzllYzE0YmQ2YjA3MjljMDg5MmU4NzA3MiIsInVzZXJfaWQiOjN9.pP9EP9yvhdNLP4b91VAh7wHY6-AIqNf9XvUV8rBYqko', '2023-01-30 10:57:19.506494', '2023-01-31 10:57:19.000000', 3, '700a51379ec14bd6b0729c0892e87072'),
	(25, 'eyJhbGciOiJIUzI1NiIsInR5cCI6IkpXVCJ9.eyJ0b2tlbl90eXBlIjoicmVmcmVzaCIsImV4cCI6MTY3NTIyOTA3NCwiaWF0IjoxNjc1MTQyNjc0LCJqdGkiOiI2N2NkMTZhMmEwZGE0MjBhODY0OTdlMDhmNWJkNTQ4ZiIsInVzZXJfaWQiOjF9.L1n8JBKpSY7OtyirNjXeLSxZJgnjOExyE9adXnStrAE', '2023-01-31 05:24:34.785615', '2023-02-01 05:24:34.000000', 1, '67cd16a2a0da420a86497e08f5bd548f'),
	(26, 'eyJhbGciOiJIUzI1NiIsInR5cCI6IkpXVCJ9.eyJ0b2tlbl90eXBlIjoicmVmcmVzaCIsImV4cCI6MTY3NTIyOTA3NCwiaWF0IjoxNjc1MTQyNjc0LCJqdGkiOiIwZTY1YjZhNzU5YjE0MWZjOTZiN2JkOThlMjEwMzNiOSIsInVzZXJfaWQiOjF9.FuTo9eqJPokMda_ul0-rY2WTY-qNNZr4jqHNL05w4a4', '2023-01-31 05:24:34.834150', '2023-02-01 05:24:34.000000', 1, '0e65b6a759b141fc96b7bd98e21033b9');

/*!40103 SET TIME_ZONE=IFNULL(@OLD_TIME_ZONE, 'system') */;
/*!40101 SET SQL_MODE=IFNULL(@OLD_SQL_MODE, '') */;
/*!40014 SET FOREIGN_KEY_CHECKS=IFNULL(@OLD_FOREIGN_KEY_CHECKS, 1) */;
/*!40101 SET CHARACTER_SET_CLIENT=@OLD_CHARACTER_SET_CLIENT */;
/*!40111 SET SQL_NOTES=IFNULL(@OLD_SQL_NOTES, 1) */;
